ID,Gender,Ever_Married,Age,Graduated,Profession,Work_Experience,Spending_Score,Family_Size,Var_1,Segmentation
459555,Female,No,28,Yes,Artist,8.0,Low,1.0,Cat_6,B
465423,Male,Yes,46,Yes,Entertainment,1.0,Average,4.0,Cat_7,D
462941,Male,No,71,No,Lawyer,,Low,2.0,Cat_6,D
462609,Female,Yes,52,No,Doctor,4.0,Low,1.0,Cat_4,C
462420,Male,No,26,Yes,Healthcare,0.0,Low,3.0,Cat_6,D
464103,Male,Yes,46,Yes,Artist,4.0,Average,2.0,Cat_6,B
462543,Female,Yes,36,Yes,Artist,4.0,Low,1.0,Cat_3,C
465685,Male,No,37,Yes,Healthcare,5.0,Low,2.0,Cat_3,D
462202,Female,No,41,Yes,Entertainment,0.0,Low,4.0,Cat_4,A
460637,Female,No,18,No,Healthcare,,Low,,Cat_3,A
467664,Male,Yes,35,Yes,Executive,4.0,High,4.0,Cat_6,C
463175,Female,,41,No,Engineer,0.0,Low,4.0,Cat_3,A
466306,Male,No,23,No,Healthcare,1.0,Low,4.0,Cat_6,D
466457,Female,Yes,62,,Lawyer,9.0,Low,5.0,Cat_6,B
460984,Male,Yes,38,Yes,Entertainment,0.0,Average,4.0,Cat_6,D
467193,Male,Yes,88,Yes,Artist,1.0,Low,2.0,Cat_6,C
467445,Male,Yes,32,No,Doctor,9.0,Low,2.0,Cat_2,C
459439,Female,Yes,50,Yes,Artist,1.0,Average,2.0,Cat_6,A
464857,Male,No,18,No,Healthcare,7.0,Low,4.0,Cat_4,B
460227,Male,No,28,No,Healthcare,0.0,Low,3.0,Cat_6,A
463100,Female,No,35,No,Homemaker,9.0,Low,1.0,Cat_6,D
461383,Male,Yes,71,Yes,Artist,0.0,High,2.0,Cat_6,A
462445,Male,No,20,No,Healthcare,1.0,Low,3.0,Cat_6,D
463819,Male,Yes,28,,Artist,8.0,Low,,Cat_6,C
467233,Female,No,67,No,Artist,1.0,Low,2.0,Cat_6,A
459059,Male,Yes,79,No,Executive,,High,2.0,Cat_6,B
459459,Male,Yes,40,Yes,Artist,4.0,Low,1.0,Cat_6,A
464688,Male,Yes,30,Yes,Doctor,1.0,Low,9.0,Cat_4,C
462951,Male,Yes,71,Yes,Lawyer,2.0,Low,1.0,Cat_6,B
460093,Female,No,46,Yes,Artist,3.0,Low,1.0,Cat_3,A
467157,Male,Yes,39,Yes,Executive,8.0,High,6.0,Cat_7,A
467580,Male,No,27,Yes,Doctor,,Low,3.0,Cat_6,B
465473,Female,No,59,Yes,Artist,4.0,Low,1.0,Cat_6,D
460409,Female,No,42,Yes,Artist,8.0,Low,4.0,Cat_6,C
467803,Female,Yes,40,Yes,Entertainment,6.0,Average,2.0,Cat_6,D
464389,Male,Yes,72,Yes,Artist,0.0,High,2.0,Cat_2,A
464902,Female,Yes,65,No,Lawyer,1.0,Low,1.0,Cat_4,B
461114,Male,Yes,53,Yes,Artist,1.0,Average,4.0,Cat_3,A
463619,Male,Yes,68,No,Executive,1.0,High,2.0,Cat_6,A
460027,Female,No,40,Yes,Entertainment,6.0,Low,,Cat_6,C
460135,Female,No,25,Yes,Healthcare,4.0,Low,3.0,Cat_6,A
460783,Male,Yes,86,Yes,Lawyer,1.0,Low,1.0,Cat_6,C
464046,Male,No,33,Yes,Healthcare,3.0,Low,1.0,Cat_6,A
463978,Male,Yes,40,Yes,Artist,1.0,Average,3.0,Cat_2,A
464947,Male,No,25,No,Doctor,5.0,Low,1.0,Cat_4,D
465164,Male,No,20,No,Healthcare,0.0,Low,3.0,Cat_6,D
459998,Male,Yes,60,No,Entertainment,1.0,Average,2.0,Cat_6,C
459925,Male,Yes,67,No,Executive,1.0,High,2.0,Cat_4,D
461263,Female,Yes,51,Yes,Artist,0.0,Low,1.0,Cat_4,B
463106,Female,Yes,79,Yes,Lawyer,0.0,Low,1.0,Cat_6,C
461050,Male,Yes,49,Yes,,1.0,High,3.0,Cat_6,C
466318,Female,No,30,No,Healthcare,0.0,Low,3.0,Cat_6,D
465823,Male,Yes,67,No,Entertainment,5.0,Average,4.0,Cat_4,A
464009,Female,Yes,47,Yes,Artist,5.0,Average,4.0,Cat_6,C
465216,Male,Yes,35,Yes,Executive,9.0,High,4.0,Cat_6,A
464179,Female,Yes,56,Yes,Artist,0.0,Average,3.0,Cat_6,A
463724,Male,No,30,No,Healthcare,0.0,Low,5.0,Cat_4,D
462205,Female,No,23,No,Healthcare,0.0,Low,4.0,Cat_4,C
466926,Male,No,21,No,Healthcare,1.0,Low,,Cat_6,D
462111,Male,Yes,38,Yes,Artist,6.0,Average,4.0,Cat_6,A
467673,Male,Yes,45,No,Executive,1.0,High,4.0,Cat_6,B
464940,Female,Yes,29,No,Engineer,1.0,Low,2.0,Cat_4,A
465669,Female,Yes,41,No,Entertainment,4.0,Average,4.0,Cat_4,A
463245,Male,Yes,41,Yes,Entertainment,8.0,Average,2.0,Cat_6,B
459026,Male,No,27,No,Healthcare,8.0,Low,3.0,Cat_3,D
465358,Female,Yes,73,Yes,Artist,0.0,High,2.0,Cat_6,A
461690,Female,No,33,Yes,Engineer,1.0,Low,1.0,Cat_4,A
464255,Female,Yes,49,Yes,Artist,1.0,Average,5.0,Cat_4,B
460640,Male,Yes,86,,Lawyer,,Low,1.0,Cat_3,C
460333,Female,No,42,No,Entertainment,10.0,Low,4.0,Cat_6,D
467481,Male,Yes,49,Yes,Artist,0.0,Average,2.0,Cat_6,B
460036,Male,Yes,41,Yes,,2.0,Low,1.0,Cat_6,B
467848,Male,No,37,Yes,Artist,14.0,Low,1.0,Cat_6,A
464265,Male,Yes,62,Yes,Entertainment,1.0,Low,2.0,Cat_6,B
466662,Female,No,33,No,Engineer,0.0,Low,,Cat_4,B
462450,Male,No,18,No,Healthcare,0.0,Low,,Cat_6,D
462658,Female,Yes,31,Yes,Homemaker,9.0,Average,2.0,,B
460242,Male,Yes,38,Yes,Healthcare,9.0,Low,3.0,Cat_6,A
463052,Male,Yes,40,Yes,Marketing,0.0,Low,2.0,Cat_6,B
465554,Female,No,78,Yes,Lawyer,1.0,Low,3.0,Cat_6,D
464257,Male,Yes,40,,Entertainment,0.0,High,2.0,Cat_6,D
465996,Male,No,23,No,Healthcare,1.0,Low,4.0,Cat_6,D
462729,Male,No,28,No,Healthcare,1.0,Low,2.0,Cat_6,D
461862,Female,No,38,Yes,Artist,9.0,Low,1.0,Cat_6,A
466707,Female,Yes,47,Yes,Homemaker,1.0,Low,4.0,Cat_6,A
461791,Female,No,21,No,Lawyer,9.0,Low,1.0,Cat_6,D
459825,Male,No,20,No,Healthcare,0.0,Low,5.0,Cat_2,D
462491,Male,No,31,Yes,Artist,0.0,Low,5.0,Cat_6,D
466753,Female,Yes,67,Yes,Artist,0.0,Average,2.0,Cat_3,A
466466,Female,,18,No,Healthcare,5.0,Low,5.0,Cat_3,D
460348,Female,No,39,Yes,Artist,0.0,Low,2.0,Cat_6,A
459680,Male,No,37,Yes,Entertainment,,Low,1.0,Cat_6,B
460160,Male,No,39,Yes,Entertainment,5.0,Low,1.0,Cat_3,A
466247,Female,,49,Yes,Artist,0.0,Low,4.0,Cat_2,C
462381,Female,Yes,48,No,Doctor,1.0,High,2.0,Cat_6,C
459013,Male,Yes,50,Yes,Artist,2.0,Average,4.0,Cat_6,B
462799,Male,No,32,No,Healthcare,,Low,,Cat_5,A
460046,Female,Yes,50,Yes,Artist,4.0,Low,2.0,Cat_6,D
464370,Male,Yes,66,Yes,Entertainment,1.0,Average,2.0,Cat_6,A
459995,Female,No,38,No,Artist,2.0,Low,2.0,Cat_6,B
460379,Male,No,38,Yes,Artist,9.0,Low,3.0,Cat_6,A
463941,Female,No,29,No,Artist,1.0,Low,6.0,Cat_4,D
459322,Male,No,42,Yes,Marketing,0.0,Low,1.0,Cat_6,A
465228,Male,Yes,59,Yes,Artist,1.0,High,2.0,Cat_6,C
459369,Male,Yes,41,No,Engineer,,Average,7.0,Cat_4,A
463218,Male,Yes,37,No,Entertainment,8.0,Average,3.0,Cat_6,B
464845,Male,Yes,29,No,Engineer,0.0,Average,3.0,Cat_4,A
467589,Male,No,32,No,Entertainment,0.0,Low,1.0,Cat_6,B
465697,Female,Yes,51,No,Artist,6.0,Low,1.0,Cat_6,B
465045,Male,Yes,40,Yes,Entertainment,9.0,Average,2.0,Cat_6,B
465670,Female,No,49,No,Engineer,12.0,Low,1.0,Cat_4,C
463557,Male,No,26,Yes,Doctor,0.0,Low,3.0,Cat_6,A
459355,Female,Yes,74,No,Homemaker,,Low,1.0,Cat_6,B
462905,Female,No,25,No,Artist,6.0,Low,3.0,Cat_6,A
461442,Male,Yes,46,Yes,Artist,0.0,Average,6.0,Cat_2,D
462108,Female,Yes,33,Yes,Homemaker,,Average,2.0,Cat_6,D
464861,Male,No,25,No,Homemaker,,Low,2.0,Cat_4,A
467399,Male,Yes,25,Yes,Doctor,1.0,Low,3.0,Cat_6,D
464483,Female,Yes,49,Yes,Artist,1.0,Average,3.0,Cat_6,C
467838,Male,Yes,60,Yes,Artist,0.0,Average,2.0,Cat_6,D
463624,Male,Yes,59,Yes,Executive,1.0,High,4.0,Cat_6,C
461214,Male,No,29,No,Healthcare,0.0,Low,4.0,Cat_6,D
467312,Female,Yes,55,Yes,Artist,0.0,Low,2.0,Cat_6,B
463726,Female,No,26,No,Healthcare,0.0,Low,3.0,Cat_6,C
465175,Female,No,22,No,Homemaker,0.0,Low,4.0,Cat_6,D
460014,Female,No,66,No,Entertainment,4.0,Low,3.0,Cat_6,A
460923,Male,Yes,53,Yes,Artist,0.0,Average,3.0,Cat_6,A
460476,Male,Yes,53,No,Doctor,,Average,4.0,Cat_3,A
462617,Male,No,19,No,Healthcare,1.0,Low,5.0,Cat_4,A
459130,Female,Yes,74,No,Lawyer,1.0,High,2.0,Cat_6,C
461978,Female,No,19,No,Healthcare,0.0,Low,4.0,Cat_6,D
463499,Male,Yes,47,Yes,Executive,0.0,Low,2.0,Cat_6,A
462521,Female,No,33,No,Homemaker,9.0,Low,1.0,Cat_6,D
460796,Male,Yes,67,No,Lawyer,0.0,Low,3.0,Cat_6,B
459263,Female,No,30,No,Healthcare,9.0,Low,4.0,Cat_6,A
461256,Male,No,27,No,Doctor,1.0,Low,4.0,Cat_4,B
465364,Female,No,37,Yes,Doctor,7.0,Low,5.0,Cat_2,A
464206,Male,Yes,43,No,Entertainment,1.0,Low,2.0,Cat_6,B
467669,Male,Yes,82,No,Lawyer,1.0,High,2.0,Cat_6,A
465100,Male,Yes,62,Yes,Artist,0.0,High,2.0,Cat_6,B
463269,Male,Yes,41,Yes,Entertainment,3.0,Average,2.0,Cat_3,A
461671,Male,No,32,No,Healthcare,7.0,Low,5.0,Cat_6,A
466391,Female,Yes,55,Yes,Engineer,0.0,Average,,Cat_6,B
459974,Male,No,37,Yes,Entertainment,0.0,Low,1.0,Cat_6,B
467685,Male,Yes,51,No,Marketing,0.0,High,6.0,Cat_4,B
460743,Male,Yes,62,Yes,Artist,0.0,Average,3.0,Cat_6,C
465629,Male,Yes,47,Yes,Entertainment,2.0,Average,3.0,Cat_6,C
467060,Male,No,35,No,Engineer,7.0,Low,2.0,Cat_6,A
460585,Male,No,52,No,Entertainment,0.0,Low,3.0,Cat_3,A
460175,Female,No,27,No,Artist,0.0,Low,5.0,Cat_2,A
467139,Female,No,28,Yes,Artist,0.0,Low,3.0,Cat_6,D
464835,Male,No,20,No,Healthcare,0.0,Low,6.0,Cat_4,D
459866,Female,No,49,Yes,Artist,,Low,1.0,Cat_6,D
461624,Female,Yes,39,Yes,Artist,0.0,Average,,Cat_2,D
459210,Female,Yes,71,Yes,Artist,1.0,High,2.0,Cat_6,C
463614,Female,No,25,No,Healthcare,1.0,Low,4.0,Cat_3,A
465818,Male,No,27,No,Entertainment,1.0,Low,3.0,Cat_4,A
459182,Female,Yes,46,Yes,Artist,1.0,Average,2.0,Cat_6,A
460283,Male,Yes,43,Yes,Doctor,12.0,Low,2.0,Cat_6,A
466760,Male,Yes,51,Yes,Doctor,1.0,Average,4.0,Cat_6,D
460112,Male,Yes,26,Yes,Engineer,8.0,Average,2.0,Cat_3,D
467422,Female,Yes,61,Yes,Artist,1.0,Average,2.0,Cat_6,D
465032,Male,Yes,67,Yes,Executive,1.0,High,2.0,Cat_6,C
460606,Male,No,21,No,Healthcare,,Low,5.0,Cat_7,D
465722,Male,Yes,47,No,,0.0,Low,5.0,Cat_3,C
463859,Male,Yes,39,Yes,Artist,5.0,Average,2.0,Cat_6,A
463741,Male,Yes,37,Yes,Artist,0.0,High,3.0,Cat_6,C
461225,Female,No,30,No,Marketing,10.0,Low,6.0,Cat_6,A
467208,Female,Yes,41,Yes,Homemaker,,High,2.0,Cat_6,C
467864,Female,Yes,66,Yes,Lawyer,1.0,High,2.0,Cat_6,C
466530,Male,No,19,No,Healthcare,1.0,Low,4.0,,B
467933,Female,No,23,No,Healthcare,0.0,Low,3.0,Cat_6,D
463083,Male,No,28,Yes,Artist,6.0,Low,3.0,Cat_6,A
459864,Female,Yes,68,No,Artist,,High,2.0,Cat_6,A
463461,Male,No,30,No,Doctor,,Low,4.0,Cat_4,B
459608,Female,No,62,Yes,Doctor,,Low,1.0,Cat_6,D
461397,Male,No,22,No,Healthcare,1.0,Low,4.0,Cat_6,D
459445,Female,Yes,42,Yes,Artist,0.0,Average,3.0,Cat_6,B
462342,Female,Yes,71,Yes,Lawyer,8.0,High,2.0,Cat_6,D
460822,Male,Yes,42,Yes,Artist,1.0,Low,2.0,Cat_6,A
462533,Female,No,30,Yes,Entertainment,1.0,Low,3.0,Cat_6,A
467384,Male,No,41,Yes,,,Low,1.0,Cat_6,C
460212,Male,Yes,35,Yes,Entertainment,11.0,Low,6.0,Cat_6,A
464286,Female,Yes,57,Yes,Artist,0.0,Average,2.0,Cat_6,B
460722,Male,Yes,31,No,Entertainment,0.0,Average,3.0,Cat_3,A
463428,Male,Yes,26,No,Executive,1.0,High,5.0,Cat_6,A
464021,Female,No,22,No,Healthcare,1.0,Low,5.0,Cat_6,D
467058,Male,Yes,80,No,Executive,0.0,High,2.0,Cat_6,A
467357,Male,Yes,55,Yes,,1.0,Low,2.0,Cat_6,B
462358,Male,Yes,39,No,Doctor,2.0,Average,2.0,Cat_6,B
459588,Male,Yes,49,Yes,Artist,0.0,Low,1.0,Cat_6,A
460831,Male,No,20,No,Healthcare,0.0,Low,4.0,Cat_6,C
461242,Male,Yes,45,Yes,Healthcare,0.0,Low,2.0,Cat_6,A
464774,Female,Yes,50,No,Engineer,7.0,Average,5.0,Cat_4,B
460907,Male,Yes,83,No,Lawyer,1.0,High,3.0,Cat_6,A
460658,Female,Yes,37,Yes,Marketing,7.0,Average,3.0,Cat_6,D
460006,Male,No,30,No,Entertainment,5.0,Low,9.0,Cat_3,D
460977,Male,Yes,42,Yes,Executive,0.0,High,3.0,Cat_4,C
467621,Male,Yes,76,Yes,Lawyer,1.0,Low,1.0,Cat_6,B
464289,Male,Yes,35,No,Marketing,1.0,Low,3.0,Cat_6,A
460381,Male,No,28,Yes,Artist,11.0,Low,2.0,Cat_6,A
459171,Male,Yes,35,Yes,Artist,0.0,Average,2.0,Cat_6,D
460897,Male,No,22,No,Healthcare,4.0,Low,4.0,Cat_6,B
460729,Male,Yes,36,Yes,Entertainment,9.0,Low,4.0,Cat_6,A
459616,Female,No,20,No,Healthcare,,Low,4.0,Cat_1,D
460574,Male,No,26,Yes,Artist,1.0,Low,1.0,Cat_3,C
459857,Male,No,31,Yes,Entertainment,6.0,Low,1.0,Cat_6,A
461615,Male,No,33,Yes,Doctor,0.0,Low,2.0,Cat_6,C
467532,Male,Yes,52,Yes,Artist,9.0,Low,1.0,Cat_6,B
467721,Male,No,37,Yes,Entertainment,0.0,Low,1.0,Cat_4,C
461644,Male,No,30,No,Healthcare,0.0,Low,6.0,Cat_6,D
461769,Male,No,37,Yes,Artist,0.0,Low,1.0,Cat_6,C
459467,Female,Yes,56,Yes,Artist,0.0,Average,2.0,Cat_6,B
464373,Female,No,47,Yes,Artist,0.0,Low,2.0,Cat_6,C
463943,Male,No,68,Yes,Entertainment,1.0,Low,2.0,Cat_6,C
460687,Female,Yes,48,Yes,Homemaker,9.0,Average,2.0,Cat_3,C
463512,Female,No,32,No,Engineer,0.0,Low,3.0,Cat_6,A
461989,Female,,60,Yes,Engineer,1.0,Average,4.0,Cat_2,B
466114,Male,Yes,47,Yes,Entertainment,1.0,Average,5.0,Cat_6,C
459806,Female,Yes,49,No,Engineer,1.0,Average,4.0,Cat_6,A
460622,Female,Yes,71,Yes,Lawyer,7.0,High,3.0,Cat_3,C
460252,Male,Yes,41,Yes,Artist,0.0,Low,2.0,Cat_6,B
466603,Male,Yes,37,Yes,Engineer,0.0,Average,2.0,Cat_6,B
462187,Female,No,50,Yes,Artist,4.0,Low,1.0,Cat_6,B
467044,Female,No,42,Yes,Marketing,0.0,Low,1.0,Cat_7,B
467085,Male,No,45,Yes,Entertainment,1.0,Low,2.0,Cat_6,A
459237,Male,No,33,Yes,Artist,1.0,Low,6.0,Cat_6,D
462983,Female,Yes,72,Yes,Lawyer,0.0,High,2.0,Cat_6,B
466562,Female,No,20,No,Healthcare,7.0,Low,4.0,Cat_6,A
463220,Male,Yes,48,No,Engineer,1.0,Average,3.0,Cat_6,B
465303,Female,Yes,65,Yes,Artist,1.0,Average,3.0,Cat_2,A
459056,Male,Yes,63,No,Executive,,High,3.0,Cat_6,A
466490,Female,Yes,83,No,Lawyer,0.0,High,2.0,Cat_6,C
466132,Female,No,23,No,Healthcare,4.0,Low,4.0,Cat_7,A
460401,Female,No,25,Yes,Artist,0.0,Low,3.0,Cat_7,A
463024,Male,No,43,Yes,Artist,,Low,1.0,Cat_6,C
467658,Male,No,23,No,Healthcare,0.0,Low,4.0,Cat_3,A
462234,Male,Yes,32,No,,1.0,Average,6.0,Cat_4,B
461962,Male,Yes,56,Yes,Entertainment,1.0,Average,3.0,Cat_6,A
464536,Male,Yes,26,Yes,Artist,1.0,Average,3.0,Cat_6,D
465600,Male,Yes,38,Yes,Engineer,6.0,Low,2.0,Cat_3,B
461967,Female,No,20,No,Marketing,3.0,Low,4.0,Cat_7,D
463099,Male,Yes,86,Yes,Lawyer,,Low,1.0,Cat_6,C
467950,Female,No,35,Yes,Entertainment,1.0,Low,2.0,Cat_6,D
465023,Male,Yes,39,Yes,Artist,9.0,Average,2.0,Cat_2,B
462785,Female,Yes,42,Yes,Engineer,,Average,5.0,Cat_3,C
466923,Female,No,21,No,Homemaker,8.0,Low,1.0,Cat_6,D
460459,Female,No,30,No,Engineer,1.0,Low,5.0,Cat_3,D
464172,Male,Yes,60,Yes,Artist,3.0,High,3.0,Cat_6,C
459223,Female,Yes,47,Yes,Doctor,1.0,Average,4.0,Cat_6,C
467726,Male,Yes,82,Yes,Lawyer,0.0,High,2.0,Cat_6,A
462043,Male,No,32,No,Healthcare,0.0,Low,5.0,Cat_6,D
464071,Male,Yes,87,Yes,Lawyer,0.0,High,2.0,Cat_6,A
465236,Male,Yes,45,Yes,Artist,1.0,Low,1.0,Cat_6,A
467107,Male,Yes,38,Yes,Engineer,1.0,Average,3.0,Cat_4,A
460223,Male,No,52,No,Entertainment,1.0,Low,1.0,Cat_6,A
464456,Male,Yes,29,Yes,Artist,1.0,Low,4.0,Cat_6,A
464076,Male,Yes,83,No,Lawyer,0.0,High,2.0,Cat_6,D
461324,Female,No,49,Yes,Artist,3.0,Low,1.0,Cat_6,D
465550,Female,No,33,Yes,Healthcare,1.0,Low,6.0,Cat_3,D
461243,Male,Yes,47,Yes,Marketing,0.0,Low,5.0,Cat_6,A
466656,Male,Yes,79,Yes,Marketing,0.0,High,2.0,Cat_6,D
459996,Male,No,55,Yes,Entertainment,1.0,Low,1.0,Cat_6,B
459618,Male,Yes,57,Yes,Doctor,0.0,Average,2.0,Cat_4,B
465289,Male,Yes,31,Yes,Executive,1.0,High,2.0,Cat_6,A
467904,Female,No,31,Yes,Artist,14.0,Low,1.0,Cat_6,D
467212,Female,No,28,Yes,Doctor,1.0,Low,3.0,Cat_6,D
461965,Male,No,23,No,Healthcare,1.0,Low,6.0,Cat_6,B
463566,Female,Yes,35,Yes,Homemaker,,Average,4.0,Cat_2,D
464699,Male,No,31,No,Doctor,1.0,Low,5.0,Cat_4,A
463266,Female,Yes,68,,Artist,1.0,Average,2.0,Cat_6,C
465319,Male,No,20,No,Healthcare,0.0,Low,5.0,Cat_6,D
459576,Female,Yes,88,No,Lawyer,,Low,,,B
463475,Female,Yes,43,Yes,Doctor,0.0,Low,1.0,Cat_6,A
460555,Male,Yes,52,Yes,Homemaker,7.0,Average,3.0,Cat_3,D
462068,Male,Yes,62,Yes,Executive,0.0,High,3.0,Cat_6,B
459885,Female,No,38,Yes,Entertainment,,Low,4.0,Cat_6,A
462281,Male,Yes,46,Yes,Artist,1.0,Low,2.0,Cat_6,D
462743,Male,No,33,No,Healthcare,2.0,Low,4.0,Cat_3,A
463173,Male,No,47,Yes,Artist,0.0,Low,1.0,Cat_3,C
460859,Male,Yes,51,Yes,Entertainment,,Low,4.0,Cat_6,A
462291,Female,No,37,Yes,Marketing,,Low,3.0,Cat_6,B
460899,Male,No,40,Yes,Entertainment,,Low,3.0,Cat_6,C
463058,Female,No,25,Yes,Homemaker,13.0,Low,1.0,,B
467949,Male,No,21,No,Healthcare,1.0,Low,4.0,Cat_4,D
464270,Female,No,48,Yes,Artist,4.0,Low,1.0,Cat_6,B
461218,Male,Yes,27,No,Executive,1.0,Low,6.0,Cat_6,D
466276,Female,No,32,No,Doctor,1.0,Low,5.0,Cat_4,D
461848,Male,No,39,No,Marketing,1.0,Low,2.0,Cat_6,A
460431,Female,No,47,Yes,Engineer,1.0,Low,1.0,Cat_6,A
462668,Female,No,38,Yes,Artist,4.0,Low,1.0,Cat_6,A
467459,Male,Yes,42,Yes,Executive,,High,5.0,Cat_6,D
465529,Female,No,32,No,Doctor,0.0,Low,4.0,Cat_6,A
467022,Male,No,30,Yes,Artist,1.0,Low,5.0,Cat_6,D
465405,Female,,26,Yes,Homemaker,1.0,High,4.0,Cat_2,A
459961,Male,Yes,48,Yes,Artist,8.0,Low,3.0,Cat_2,B
460905,Male,No,30,Yes,Artist,1.0,Low,1.0,Cat_3,A
465586,Male,Yes,69,No,Artist,0.0,Low,1.0,Cat_6,A
464231,Male,Yes,48,Yes,Artist,1.0,Average,4.0,Cat_6,B
462685,Female,No,33,No,Healthcare,,Low,3.0,Cat_4,B
465472,Female,Yes,74,No,Entertainment,,High,3.0,Cat_6,D
460371,Female,No,25,Yes,Artist,1.0,Low,2.0,Cat_6,B
460720,Female,Yes,46,Yes,Artist,0.0,Average,2.0,Cat_6,B
462517,Female,Yes,39,Yes,Homemaker,9.0,High,4.0,Cat_6,C
467767,Female,No,21,No,Marketing,4.0,Low,4.0,Cat_6,D
466456,Female,Yes,37,No,Doctor,8.0,Low,1.0,Cat_2,A
462683,Female,Yes,43,No,Engineer,1.0,Low,5.0,Cat_1,A
465601,Male,Yes,35,Yes,Artist,,Average,4.0,Cat_3,A
463734,Male,Yes,41,No,Executive,1.0,Average,3.0,Cat_6,A
467275,Male,No,29,Yes,Healthcare,,Low,,Cat_6,D
467235,Female,No,32,Yes,Artist,1.0,Low,2.0,Cat_5,D
466990,Male,Yes,43,Yes,Entertainment,9.0,Average,2.0,Cat_6,C
464271,Female,Yes,36,Yes,Artist,1.0,Average,3.0,Cat_2,B
460815,Male,Yes,62,Yes,Artist,0.0,High,2.0,Cat_3,A
464320,Male,Yes,77,No,Lawyer,1.0,High,2.0,Cat_6,D
465366,Female,No,38,Yes,Artist,8.0,Low,1.0,Cat_6,D
467046,Female,No,30,No,Doctor,0.0,Low,5.0,Cat_3,B
460857,Male,No,29,No,Entertainment,1.0,Low,1.0,Cat_4,D
460140,Female,Yes,41,Yes,Artist,7.0,Low,2.0,Cat_6,A
459284,Female,Yes,71,Yes,Lawyer,1.0,High,2.0,Cat_6,C
466541,Male,No,38,Yes,Entertainment,0.0,Low,4.0,Cat_6,A
467317,Male,No,42,Yes,Artist,1.0,Low,1.0,Cat_2,C
467815,Female,Yes,73,Yes,Artist,0.0,Low,2.0,Cat_6,C
464752,Female,Yes,46,,Marketing,,Low,1.0,Cat_4,A
461274,Female,Yes,87,Yes,Lawyer,,High,2.0,Cat_6,C
466463,Female,No,33,Yes,Healthcare,3.0,Low,4.0,Cat_4,D
460124,Female,No,41,Yes,Artist,0.0,Low,3.0,Cat_6,B
464072,Male,Yes,53,Yes,Executive,0.0,Low,2.0,Cat_6,C
465979,Male,Yes,41,Yes,Artist,2.0,Low,2.0,Cat_6,B
464963,Female,Yes,50,Yes,Entertainment,1.0,Low,2.0,Cat_4,D
463628,Female,No,26,Yes,Artist,8.0,Low,1.0,Cat_6,B
467373,Male,No,27,Yes,Healthcare,,Low,1.0,Cat_6,B
467505,Male,Yes,36,Yes,Artist,0.0,Low,4.0,Cat_6,D
467468,Female,No,25,No,Healthcare,,Low,5.0,Cat_7,D
466404,Female,No,37,Yes,Engineer,1.0,Low,1.0,Cat_6,C
460449,Male,No,25,No,Marketing,2.0,Low,1.0,Cat_3,D
462060,Female,Yes,53,Yes,Artist,1.0,Average,2.0,Cat_6,C
463804,Male,Yes,60,Yes,Artist,9.0,Low,1.0,Cat_6,B
459114,Male,Yes,56,Yes,Artist,1.0,Average,2.0,Cat_6,B
462238,Male,Yes,57,No,Entertainment,,Low,2.0,Cat_3,B
465568,Male,Yes,43,Yes,Executive,2.0,High,3.0,Cat_6,D
464087,Female,No,26,No,Engineer,,Low,4.0,Cat_6,B
459117,Male,Yes,68,Yes,Artist,0.0,High,2.0,Cat_6,B
463601,Female,No,20,No,Healthcare,4.0,Low,5.0,,A
459496,Female,No,35,Yes,Artist,,Low,3.0,Cat_6,A
467281,Male,Yes,56,Yes,Lawyer,0.0,Low,4.0,Cat_6,B
463118,Female,Yes,50,Yes,Doctor,,High,3.0,Cat_6,D
466613,Male,No,20,No,Healthcare,9.0,Low,3.0,Cat_6,A
461065,Male,Yes,55,Yes,Executive,,Low,6.0,Cat_3,C
467812,Male,No,48,Yes,Artist,0.0,Low,1.0,Cat_2,B
460878,Male,Yes,49,No,Entertainment,0.0,Average,4.0,Cat_6,D
467365,Male,No,35,Yes,Artist,1.0,Low,1.0,Cat_6,D
463204,Male,No,39,No,Entertainment,1.0,Low,1.0,Cat_6,D
461993,Male,No,33,No,Healthcare,3.0,Low,4.0,Cat_6,D
463768,Female,Yes,35,No,Engineer,1.0,Low,1.0,Cat_4,A
461587,Male,No,30,Yes,Healthcare,0.0,Low,3.0,Cat_6,D
459461,Female,Yes,35,Yes,Artist,1.0,Low,1.0,Cat_1,B
462984,Female,Yes,73,Yes,Artist,1.0,High,2.0,Cat_6,D
463244,Female,Yes,47,No,Doctor,1.0,Low,1.0,Cat_6,C
459175,Female,Yes,73,Yes,Artist,1.0,Average,2.0,Cat_6,C
461822,Male,Yes,36,Yes,Artist,8.0,High,2.0,Cat_6,A
464813,Male,Yes,48,Yes,Engineer,6.0,Average,5.0,Cat_6,A
467666,Male,Yes,48,Yes,Executive,4.0,High,3.0,Cat_6,C
462472,Male,No,43,Yes,Artist,1.0,Low,1.0,Cat_6,C
465930,Female,No,38,Yes,Artist,9.0,Low,2.0,Cat_6,D
464019,Male,No,23,No,Artist,2.0,Low,5.0,Cat_6,D
463163,Male,No,28,No,Executive,2.0,Low,2.0,Cat_3,C
462554,Male,No,28,No,Healthcare,0.0,Low,8.0,Cat_4,A
459160,Male,Yes,70,Yes,Doctor,1.0,Average,2.0,Cat_6,B
464825,Female,No,21,No,Healthcare,5.0,Low,1.0,Cat_4,D
460621,Male,Yes,80,Yes,Lawyer,1.0,Low,2.0,Cat_3,D
461468,Male,Yes,69,Yes,Entertainment,,Average,3.0,Cat_6,C
464132,Male,No,27,No,Entertainment,0.0,Low,2.0,Cat_6,C
464758,Female,Yes,48,No,Engineer,1.0,Average,4.0,Cat_4,B
464182,Male,Yes,39,Yes,Artist,4.0,Average,2.0,Cat_2,B
466526,Male,No,27,No,Healthcare,0.0,Low,5.0,Cat_2,B
467960,Female,No,53,Yes,Entertainment,,Low,2.0,Cat_6,C
466352,Female,Yes,67,Yes,Doctor,1.0,Low,2.0,Cat_6,D
461540,Male,No,41,Yes,,2.0,Low,2.0,Cat_2,A
467421,Male,Yes,50,No,Doctor,1.0,Average,3.0,Cat_6,C
467073,Male,No,42,Yes,Engineer,8.0,Low,1.0,Cat_6,B
462611,Male,Yes,41,No,Executive,0.0,High,7.0,Cat_4,D
465153,Male,Yes,38,Yes,Artist,1.0,Average,2.0,Cat_6,B
466257,Female,No,27,No,Healthcare,1.0,Low,4.0,Cat_6,A
463632,Male,Yes,26,Yes,Artist,0.0,Average,2.0,Cat_6,D
467861,Female,No,29,No,Artist,,Low,4.0,Cat_4,D
463308,Male,Yes,46,Yes,Engineer,1.0,Low,2.0,Cat_3,C
463391,Male,Yes,55,Yes,Doctor,6.0,Low,1.0,Cat_3,B
462874,Male,Yes,55,Yes,Doctor,0.0,High,2.0,Cat_6,B
462210,Female,Yes,42,Yes,Engineer,0.0,Low,3.0,Cat_4,A
463258,Female,Yes,46,Yes,Artist,0.0,Average,3.0,Cat_6,B
460298,Female,No,51,Yes,Lawyer,2.0,Low,1.0,Cat_6,B
460898,Male,Yes,52,No,Artist,2.0,Average,4.0,Cat_6,D
462177,Male,No,35,,Artist,6.0,Low,5.0,Cat_2,B
461297,Male,Yes,73,No,Lawyer,0.0,High,2.0,Cat_6,B
460387,Female,No,42,No,Entertainment,3.0,Low,2.0,Cat_6,D
459949,Female,No,59,Yes,Artist,0.0,Low,1.0,Cat_6,C
459422,Male,Yes,46,Yes,Entertainment,,Low,4.0,Cat_6,A
465345,Female,No,42,Yes,Artist,0.0,Low,,Cat_6,A
466210,Female,Yes,58,Yes,Artist,1.0,High,4.0,Cat_6,C
462890,Female,No,26,Yes,Marketing,11.0,Low,1.0,Cat_6,D
458996,Female,Yes,69,No,,0.0,Low,1.0,Cat_6,A
460871,Female,No,33,Yes,Healthcare,,Low,,Cat_6,B
465733,Male,Yes,32,Yes,Entertainment,1.0,Average,2.0,Cat_4,B
460107,Male,Yes,48,Yes,Engineer,1.0,Average,5.0,Cat_6,C
463091,Female,Yes,37,Yes,Homemaker,8.0,Low,1.0,Cat_6,A
462091,Male,No,23,No,Healthcare,0.0,Low,5.0,Cat_4,D
459832,Male,Yes,72,Yes,Executive,1.0,Low,1.0,Cat_6,D
460211,Male,Yes,28,,Artist,6.0,Low,1.0,Cat_6,A
459861,Female,Yes,74,No,Lawyer,1.0,High,2.0,Cat_6,B
461269,Male,No,18,No,Entertainment,0.0,Low,4.0,Cat_4,B
465109,Male,No,47,No,Lawyer,,Low,2.0,Cat_6,D
459756,Female,Yes,62,No,Lawyer,1.0,High,4.0,Cat_4,C
465520,Female,No,27,Yes,Artist,0.0,Low,8.0,Cat_2,A
460542,Female,Yes,89,No,Lawyer,1.0,Low,,Cat_3,B
463341,Female,Yes,53,No,Engineer,0.0,Average,6.0,Cat_3,A
463420,Female,Yes,59,Yes,Artist,2.0,High,3.0,Cat_6,D
463767,Male,Yes,27,Yes,Artist,9.0,Average,2.0,Cat_6,D
463278,Female,Yes,63,Yes,Engineer,1.0,Low,1.0,Cat_3,B
467654,Female,Yes,62,Yes,Artist,,High,4.0,Cat_6,B
463811,Female,Yes,32,Yes,Artist,0.0,Average,2.0,Cat_4,C
459780,Female,No,43,No,Entertainment,1.0,Low,3.0,Cat_6,A
460344,Female,Yes,53,Yes,Artist,11.0,Average,2.0,Cat_6,D
465960,Female,No,28,Yes,Marketing,9.0,Low,1.0,Cat_6,B
462993,Male,Yes,30,No,Artist,,Average,3.0,Cat_6,C
465983,Male,,21,No,Healthcare,1.0,Low,3.0,Cat_6,A
460023,Male,Yes,45,Yes,Entertainment,1.0,Low,1.0,Cat_6,D
461994,Male,Yes,20,No,Doctor,14.0,Low,2.0,Cat_6,B
462767,Male,No,19,No,Healthcare,4.0,Low,4.0,Cat_6,A
467705,Male,Yes,31,Yes,Artist,,Low,2.0,Cat_6,A
459033,Female,Yes,61,Yes,Artist,0.0,Low,1.0,Cat_6,C
466071,Female,Yes,60,Yes,Artist,3.0,Low,3.0,Cat_4,C
461350,Male,No,30,No,Healthcare,0.0,Low,4.0,Cat_2,D
466867,Female,No,29,No,Homemaker,11.0,Low,1.0,Cat_6,D
462260,Male,Yes,76,Yes,Lawyer,1.0,Low,2.0,Cat_6,D
466536,Male,No,23,No,Healthcare,3.0,Low,4.0,Cat_4,B
466226,Female,Yes,53,Yes,Artist,0.0,Average,5.0,Cat_6,D
460171,Female,Yes,62,Yes,Artist,1.0,High,2.0,Cat_6,C
466289,Male,No,19,No,Healthcare,3.0,Low,5.0,Cat_2,A
459538,Female,No,49,Yes,Homemaker,13.0,Low,1.0,Cat_6,B
462278,Male,No,31,Yes,Healthcare,1.0,Low,4.0,Cat_6,A
464175,Female,No,32,No,Healthcare,1.0,Low,,Cat_6,C
462994,Female,Yes,36,No,Artist,,Average,3.0,Cat_6,A
463545,Female,No,31,Yes,Doctor,1.0,Low,2.0,Cat_4,D
463784,Female,No,31,No,Engineer,1.0,Low,5.0,Cat_4,D
462738,Female,No,33,Yes,Healthcare,,Low,3.0,Cat_2,D
459564,Male,Yes,75,Yes,Lawyer,2.0,Low,1.0,Cat_6,D
461024,Male,Yes,74,Yes,Lawyer,1.0,Low,1.0,Cat_6,B
463151,Male,Yes,59,Yes,Artist,0.0,Low,1.0,Cat_3,A
462927,Female,No,33,No,Homemaker,8.0,Low,2.0,Cat_6,D
464478,Female,Yes,74,No,Lawyer,0.0,High,2.0,Cat_6,D
461001,Female,No,55,Yes,Artist,0.0,Low,,Cat_3,B
464652,Female,Yes,30,No,Engineer,5.0,Average,2.0,Cat_4,A
462297,Female,No,31,Yes,Artist,14.0,Low,2.0,Cat_6,D
462116,Female,Yes,68,Yes,Doctor,0.0,Average,2.0,Cat_6,B
460189,Male,No,33,No,Entertainment,13.0,Low,1.0,Cat_6,A
465849,Female,No,25,Yes,Doctor,7.0,Low,3.0,Cat_4,D
460928,Male,Yes,48,Yes,Artist,1.0,Average,4.0,Cat_6,C
461366,Male,No,32,Yes,Healthcare,1.0,Low,1.0,Cat_6,D
465957,Female,No,48,Yes,Marketing,0.0,Low,1.0,Cat_6,A
461248,Female,No,39,No,Healthcare,0.0,Low,1.0,Cat_6,B
465391,Female,Yes,65,Yes,Lawyer,1.0,High,2.0,Cat_6,B
459409,Female,Yes,76,Yes,Lawyer,0.0,High,2.0,Cat_6,B
461044,Male,No,18,No,Healthcare,0.0,Low,5.0,Cat_4,D
460099,Male,No,49,Yes,,1.0,Low,1.0,Cat_3,A
467241,Female,No,33,Yes,Artist,9.0,Low,1.0,Cat_6,A
465769,Male,No,25,Yes,Healthcare,8.0,Low,4.0,Cat_6,A
462704,Male,Yes,52,Yes,Executive,5.0,High,5.0,Cat_6,A
465638,Female,Yes,53,Yes,Artist,,Low,,Cat_3,A
465721,Male,Yes,29,Yes,Entertainment,1.0,High,2.0,Cat_3,A
461314,Male,Yes,46,Yes,Artist,1.0,Average,3.0,Cat_6,D
462454,Male,No,19,No,Healthcare,1.0,Low,3.0,Cat_2,D
463835,Male,No,32,No,Marketing,0.0,Low,4.0,Cat_6,B
467510,Male,Yes,51,Yes,Entertainment,3.0,Low,3.0,Cat_6,C
467283,Male,Yes,52,Yes,Artist,0.0,Average,3.0,Cat_2,A
462720,Male,Yes,38,Yes,Marketing,,Low,5.0,Cat_6,A
460485,Female,No,19,No,Marketing,8.0,Low,5.0,Cat_3,D
463094,Male,Yes,38,Yes,Engineer,11.0,Average,3.0,Cat_6,A
464063,Female,No,32,Yes,Doctor,0.0,Low,1.0,Cat_6,B
467888,Male,No,29,No,Doctor,0.0,Low,4.0,Cat_6,D
467223,Female,Yes,53,Yes,Engineer,0.0,Average,4.0,Cat_6,D
462687,Male,No,26,No,Homemaker,14.0,Low,3.0,Cat_3,D
464828,Male,No,23,No,Healthcare,9.0,Low,6.0,Cat_4,B
460106,Female,Yes,71,Yes,Entertainment,0.0,Low,,Cat_6,A
465147,Male,No,33,Yes,Healthcare,2.0,Low,3.0,Cat_6,D
466486,Female,Yes,36,Yes,Doctor,8.0,Low,2.0,Cat_4,D
463732,Male,No,20,No,Healthcare,1.0,Low,4.0,Cat_6,D
467961,Male,Yes,47,Yes,Executive,1.0,High,5.0,Cat_4,C
466516,Male,No,21,No,Healthcare,1.0,Low,3.0,Cat_6,D
461711,Female,No,42,Yes,Artist,8.0,Low,3.0,Cat_2,D
462542,Female,Yes,62,Yes,Artist,9.0,Average,5.0,Cat_2,B
459867,Male,Yes,49,Yes,Marketing,0.0,High,2.0,Cat_6,C
465410,Male,No,30,No,Healthcare,0.0,Low,4.0,Cat_5,D
461892,Female,No,42,Yes,Healthcare,0.0,Low,1.0,Cat_2,A
459310,Male,No,37,Yes,Entertainment,0.0,Low,2.0,Cat_2,B
467137,Female,Yes,55,Yes,Engineer,0.0,Low,1.0,Cat_6,B
459338,Male,Yes,80,No,Executive,,Low,,Cat_6,D
463792,Female,No,42,No,Engineer,,Low,1.0,Cat_6,D
467934,Female,No,42,Yes,Artist,0.0,Low,1.0,Cat_6,C
464576,Male,No,30,Yes,Doctor,9.0,Low,5.0,Cat_6,D
464067,Female,No,31,Yes,Entertainment,0.0,Low,4.0,Cat_2,A
463527,Female,No,38,No,Artist,10.0,Low,1.0,Cat_6,A
464089,Female,Yes,39,Yes,Artist,7.0,High,5.0,,C
465471,Male,Yes,39,Yes,Artist,0.0,Low,1.0,Cat_6,C
467828,Female,Yes,25,Yes,Artist,0.0,Average,2.0,Cat_2,B
464269,Male,No,35,Yes,Entertainment,1.0,Low,,Cat_1,C
466400,Male,Yes,43,No,Artist,1.0,Average,3.0,Cat_3,B
461320,Female,No,41,Yes,Artist,1.0,Low,3.0,Cat_6,B
459212,Female,Yes,69,Yes,Artist,0.0,Average,2.0,Cat_6,C
465772,Female,Yes,46,Yes,Engineer,0.0,Low,4.0,Cat_1,A
467641,Male,Yes,43,Yes,Doctor,9.0,Average,2.0,Cat_6,C
460550,Female,Yes,55,Yes,Artist,0.0,Average,4.0,Cat_3,C
466871,Male,Yes,36,Yes,Executive,,High,4.0,Cat_6,A
466418,Male,Yes,87,No,Lawyer,1.0,Low,1.0,Cat_4,C
467876,Female,Yes,50,Yes,Artist,9.0,High,2.0,Cat_6,C
462914,Female,No,26,Yes,Artist,4.0,Low,4.0,Cat_6,D
466999,Male,No,33,Yes,Healthcare,1.0,Low,3.0,Cat_6,A
465603,Female,Yes,51,Yes,Homemaker,9.0,Low,,Cat_3,B
460322,Female,Yes,52,No,Engineer,9.0,Low,,Cat_6,B
461482,Female,No,50,Yes,Artist,9.0,Low,1.0,Cat_6,A
464068,Male,Yes,59,No,Executive,0.0,High,4.0,Cat_6,B
467313,Male,Yes,35,Yes,Entertainment,1.0,Average,2.0,Cat_6,A
463827,Female,Yes,46,Yes,Engineer,1.0,Average,4.0,Cat_6,D
465655,Female,No,49,Yes,Artist,0.0,Low,1.0,Cat_6,C
466138,Male,Yes,70,No,Lawyer,2.0,High,2.0,Cat_6,B
461441,Male,Yes,60,Yes,Artist,0.0,Average,4.0,Cat_6,A
461685,Female,No,27,Yes,Healthcare,4.0,Low,4.0,Cat_6,A
467314,Male,Yes,41,No,Artist,0.0,Average,2.0,Cat_6,C
463884,Female,No,28,No,Artist,0.0,Low,1.0,Cat_6,B
466427,Female,Yes,25,No,Marketing,1.0,Low,4.0,Cat_4,D
467789,Male,No,20,No,Healthcare,1.0,Low,5.0,Cat_6,B
464620,Female,Yes,40,Yes,Artist,0.0,High,2.0,Cat_6,A
459428,Female,No,39,No,Marketing,0.0,Low,2.0,Cat_4,D
463553,Male,No,33,Yes,Artist,8.0,Low,2.0,Cat_6,A
465857,Female,No,35,Yes,Doctor,0.0,Low,1.0,Cat_6,B
467389,Male,No,42,No,Engineer,0.0,Low,,Cat_6,B
461258,Female,Yes,62,Yes,Artist,1.0,Average,3.0,Cat_4,B
461720,Female,No,46,Yes,Artist,1.0,Low,1.0,Cat_4,A
465616,Male,Yes,42,Yes,Doctor,8.0,Low,2.0,Cat_6,A
464424,Male,No,31,Yes,Healthcare,1.0,Low,4.0,Cat_6,A
466918,Male,Yes,63,Yes,Artist,0.0,Average,1.0,Cat_6,C
461286,Female,No,22,No,Doctor,2.0,Low,4.0,Cat_6,D
466954,Female,Yes,66,No,Doctor,9.0,Average,2.0,Cat_6,A
462084,Male,Yes,68,Yes,Artist,1.0,Low,1.0,Cat_6,C
462038,Male,No,28,Yes,Artist,4.0,Low,4.0,Cat_6,C
460450,Male,Yes,50,Yes,Executive,1.0,High,4.0,Cat_4,C
464580,Male,No,32,No,Artist,9.0,Low,4.0,Cat_6,D
465737,Female,Yes,48,Yes,Engineer,7.0,Low,3.0,Cat_3,D
463548,Female,No,20,No,Healthcare,3.0,Low,4.0,Cat_4,D
459482,Male,Yes,72,No,Marketing,1.0,Low,4.0,Cat_6,C
461379,Male,No,31,Yes,Healthcare,1.0,Low,,Cat_5,B
464927,Female,Yes,70,Yes,Artist,1.0,Average,2.0,Cat_4,D
463375,Female,Yes,45,Yes,Doctor,1.0,Low,1.0,Cat_4,D
459065,Male,Yes,52,Yes,Engineer,,Low,2.0,Cat_6,A
464013,Male,No,30,No,Healthcare,0.0,Low,1.0,Cat_6,D
466271,Male,No,27,No,Entertainment,1.0,Low,3.0,Cat_2,C
462306,Male,Yes,83,No,Lawyer,8.0,High,2.0,Cat_6,B
462936,Female,No,41,Yes,Engineer,,Low,1.0,Cat_6,C
462456,Male,No,22,No,Healthcare,0.0,Low,8.0,Cat_6,A
465813,Male,No,28,No,Marketing,2.0,Low,8.0,Cat_4,B
463655,Male,Yes,42,Yes,Artist,13.0,Low,2.0,Cat_6,A
466079,Female,Yes,42,No,Engineer,0.0,Low,2.0,Cat_6,A
459119,Male,Yes,57,Yes,Executive,8.0,High,3.0,Cat_6,D
463616,Female,Yes,46,No,Engineer,0.0,Average,5.0,Cat_3,A
465124,Female,Yes,27,Yes,Healthcare,6.0,Average,2.0,Cat_6,D
467146,Female,No,28,No,Homemaker,8.0,Low,1.0,Cat_6,A
464118,Male,No,38,Yes,Entertainment,1.0,Low,2.0,Cat_6,D
467403,Female,Yes,40,Yes,Artist,7.0,Average,3.0,Cat_4,D
460989,Male,No,19,No,Healthcare,1.0,Low,3.0,Cat_1,D
462768,Male,Yes,45,Yes,Artist,0.0,Average,3.0,Cat_6,C
459077,Female,Yes,79,No,Lawyer,1.0,High,2.0,Cat_6,A
460405,Female,No,41,Yes,Entertainment,5.0,Low,2.0,Cat_6,C
464042,Female,Yes,38,Yes,Artist,8.0,Low,2.0,Cat_6,D
464932,Male,Yes,51,Yes,Executive,9.0,Low,1.0,Cat_4,C
460583,Male,No,18,No,Marketing,0.0,Low,6.0,Cat_3,B
463192,Female,Yes,48,No,Entertainment,2.0,Average,,Cat_4,A
463340,Female,No,20,No,Healthcare,0.0,Low,4.0,Cat_3,D
466069,Female,Yes,48,Yes,Artist,1.0,High,4.0,,B
463351,Female,No,21,,Healthcare,3.0,Low,4.0,Cat_5,C
459727,Male,Yes,82,No,Lawyer,,High,2.0,Cat_6,D
460794,Female,Yes,41,Yes,Homemaker,9.0,Low,1.0,Cat_6,A
460659,Female,Yes,46,Yes,Marketing,,Average,3.0,Cat_6,A
465254,Male,No,22,No,Healthcare,1.0,Low,4.0,Cat_7,D
463120,Female,No,35,Yes,Entertainment,0.0,Low,1.0,Cat_6,A
462804,Male,Yes,41,No,Executive,5.0,High,3.0,Cat_4,D
461348,Male,Yes,42,Yes,Healthcare,1.0,Low,1.0,Cat_6,D
461408,Male,Yes,47,Yes,Marketing,0.0,Low,3.0,Cat_6,A
466938,Male,Yes,59,Yes,Artist,8.0,Low,1.0,Cat_6,A
459170,Female,No,35,Yes,Artist,1.0,Low,1.0,Cat_6,B
461053,Male,Yes,39,No,Executive,,High,4.0,Cat_3,D
462958,Male,No,28,No,Marketing,0.0,Low,5.0,Cat_6,D
465186,Female,Yes,43,No,Artist,4.0,Average,4.0,Cat_1,A
460924,Male,No,31,No,Doctor,1.0,Low,5.0,Cat_2,D
463348,Female,Yes,35,Yes,Doctor,0.0,Low,2.0,Cat_6,A
466807,Female,,35,Yes,Healthcare,0.0,Low,1.0,Cat_4,A
462134,Male,Yes,87,No,Lawyer,0.0,Low,1.0,,A
467369,Male,No,41,Yes,Artist,4.0,Low,3.0,Cat_6,D
463165,Female,Yes,69,Yes,Doctor,0.0,Average,2.0,Cat_6,C
462033,Male,No,26,Yes,Entertainment,0.0,Low,1.0,Cat_6,D
463260,Male,Yes,70,Yes,Lawyer,3.0,Low,1.0,Cat_6,D
466157,Male,Yes,72,Yes,Homemaker,9.0,Low,,,D
467614,Male,Yes,36,No,Artist,4.0,Average,2.0,Cat_6,B
464809,Male,Yes,50,,Entertainment,,Average,5.0,Cat_4,B
465775,Female,No,28,Yes,Engineer,9.0,Low,3.0,Cat_6,D
462817,Female,Yes,73,Yes,Lawyer,3.0,Low,1.0,Cat_6,C
467185,Male,No,29,Yes,Artist,0.0,Low,3.0,Cat_6,D
461303,Female,No,20,No,Doctor,6.0,Low,4.0,Cat_2,A
462400,Male,No,45,Yes,Artist,1.0,Low,1.0,Cat_6,D
461454,Female,Yes,36,Yes,Artist,6.0,High,4.0,Cat_7,B
465884,Male,Yes,40,Yes,Executive,7.0,High,3.0,Cat_6,A
464339,Male,No,27,No,Artist,1.0,Low,2.0,Cat_6,A
460639,Female,Yes,73,Yes,Lawyer,,Low,5.0,Cat_1,A
459229,Female,Yes,65,Yes,Lawyer,1.0,Average,4.0,Cat_6,D
466967,Male,Yes,51,Yes,Artist,1.0,Low,1.0,Cat_6,B
463368,Female,Yes,38,Yes,Artist,4.0,High,3.0,Cat_2,A
462064,Male,Yes,63,Yes,Artist,0.0,Average,3.0,Cat_7,D
463718,Female,No,33,Yes,Artist,0.0,Low,4.0,Cat_6,A
467300,Female,Yes,49,Yes,Artist,1.0,Low,1.0,Cat_6,D
465837,Male,No,56,Yes,,1.0,Low,1.0,Cat_6,A
459436,Female,No,66,Yes,Artist,0.0,Low,2.0,Cat_6,A
461553,Male,No,38,Yes,Artist,1.0,Low,3.0,Cat_7,C
460088,Female,Yes,25,Yes,Homemaker,,High,2.0,Cat_6,B
459005,Male,Yes,61,Yes,Doctor,5.0,Low,3.0,Cat_6,D
462163,Female,Yes,26,Yes,Artist,4.0,Average,2.0,Cat_3,D
464991,Female,Yes,87,Yes,Lawyer,1.0,High,2.0,Cat_6,A
461402,Female,No,29,Yes,Entertainment,1.0,Low,5.0,Cat_6,A
462051,Male,No,23,No,Healthcare,,Low,5.0,Cat_4,D
460495,Male,No,20,No,Healthcare,0.0,Low,6.0,Cat_3,D
459536,Male,Yes,32,Yes,Healthcare,7.0,Low,2.0,Cat_6,D
459471,Female,No,30,No,Artist,,Low,8.0,Cat_6,A
460443,Female,No,37,Yes,Doctor,0.0,Low,1.0,Cat_6,D
460572,Female,No,33,Yes,Engineer,1.0,Low,4.0,Cat_3,A
464487,Male,No,46,No,Engineer,1.0,Low,3.0,Cat_4,C
462819,Male,Yes,51,Yes,Artist,0.0,Average,3.0,Cat_6,C
463376,Female,Yes,46,Yes,Executive,5.0,High,2.0,Cat_6,A
465395,Female,Yes,37,No,Engineer,0.0,Average,5.0,Cat_4,A
462716,Male,No,26,No,Entertainment,6.0,Low,2.0,Cat_4,D
467557,Female,Yes,62,Yes,Artist,,Average,2.0,Cat_6,B
463857,Male,Yes,61,No,Healthcare,0.0,High,4.0,Cat_7,D
464586,Female,No,49,Yes,Artist,1.0,Low,1.0,Cat_3,C
465464,Male,Yes,41,Yes,Executive,0.0,Average,,Cat_4,C
466381,Male,Yes,52,Yes,Artist,4.0,Average,2.0,Cat_6,B
464693,Female,No,36,Yes,Engineer,8.0,Low,1.0,Cat_4,C
467891,Female,No,29,Yes,Doctor,0.0,Low,5.0,Cat_6,A
465742,Female,Yes,46,Yes,Artist,3.0,Low,3.0,Cat_6,A
466808,Female,No,41,No,Engineer,1.0,Low,1.0,Cat_6,A
460079,Female,No,40,No,Doctor,1.0,Low,1.0,Cat_6,B
460406,Male,Yes,36,Yes,Healthcare,3.0,Low,2.0,Cat_6,C
464987,Male,Yes,46,Yes,Executive,1.0,High,5.0,Cat_6,D
467121,Male,Yes,47,Yes,Doctor,0.0,Low,,Cat_6,D
461771,Male,Yes,28,Yes,Doctor,8.0,Average,2.0,Cat_6,D
466090,Male,Yes,58,Yes,Entertainment,0.0,Low,,Cat_6,B
466886,Female,No,42,No,Marketing,1.0,Low,1.0,Cat_6,D
463747,Female,Yes,43,Yes,Artist,0.0,Average,2.0,Cat_6,A
463028,Male,No,25,No,Doctor,0.0,Low,4.0,Cat_6,D
463847,Male,Yes,43,No,Artist,3.0,Average,3.0,Cat_6,B
459258,Female,Yes,83,Yes,Lawyer,1.0,High,,Cat_6,C
463716,Male,No,26,No,Doctor,1.0,Low,4.0,Cat_6,D
467749,Male,No,20,No,Healthcare,0.0,Low,9.0,Cat_7,D
461564,Male,Yes,56,Yes,Executive,1.0,High,2.0,Cat_6,A
464618,Male,,40,Yes,Artist,5.0,Low,1.0,Cat_6,B
459161,Male,Yes,50,Yes,Executive,3.0,High,5.0,Cat_6,D
466043,Female,Yes,53,Yes,Artist,0.0,Average,4.0,Cat_6,B
463277,Female,Yes,30,No,Engineer,6.0,Low,2.0,Cat_3,A
467635,Female,No,35,Yes,Artist,9.0,Low,1.0,Cat_6,A
464916,Female,,32,,Doctor,8.0,High,2.0,Cat_4,D
463157,Male,Yes,50,Yes,Entertainment,6.0,Low,3.0,Cat_6,A
459353,Male,Yes,51,Yes,Artist,6.0,Average,2.0,Cat_6,B
467434,Male,No,40,Yes,Entertainment,1.0,Low,3.0,Cat_1,D
462280,Male,No,31,Yes,Healthcare,0.0,Low,4.0,Cat_6,A
460612,Male,No,27,Yes,Entertainment,8.0,Low,4.0,Cat_3,D
464910,Female,Yes,47,Yes,Artist,1.0,Average,5.0,Cat_4,B
462356,Male,No,46,Yes,Engineer,0.0,Low,3.0,Cat_6,B
463020,Male,Yes,28,Yes,Artist,0.0,Average,3.0,Cat_1,B
463669,Female,Yes,26,Yes,Marketing,5.0,High,4.0,Cat_2,D
460906,Female,Yes,89,Yes,Lawyer,1.0,High,3.0,Cat_6,D
461526,Male,Yes,83,No,Entertainment,0.0,Low,2.0,Cat_6,A
459039,Male,Yes,45,Yes,Artist,1.0,Average,2.0,Cat_6,B
462463,Male,Yes,63,No,Artist,0.0,Average,2.0,Cat_6,A
463834,Female,Yes,43,Yes,Engineer,1.0,Average,4.0,Cat_6,A
466337,Female,Yes,41,No,Engineer,1.0,Low,2.0,Cat_4,C
459914,Male,No,36,Yes,Artist,4.0,Low,1.0,Cat_4,A
460380,Male,No,29,Yes,Entertainment,9.0,Low,3.0,Cat_6,D
463438,Male,Yes,47,No,Entertainment,0.0,Average,3.0,Cat_6,B
464053,Female,Yes,35,No,Entertainment,4.0,Low,1.0,Cat_6,D
461201,Female,No,55,Yes,Artist,,Low,1.0,Cat_6,A
459083,Male,Yes,63,Yes,Artist,9.0,Average,3.0,,A
463483,Male,Yes,30,No,Executive,1.0,High,2.0,Cat_6,D
461352,Male,No,29,No,Healthcare,2.0,Low,5.0,Cat_2,D
462186,Female,No,19,No,Doctor,1.0,Low,3.0,Cat_1,A
465644,Male,No,33,Yes,Healthcare,0.0,Low,5.0,Cat_6,A
459644,Female,No,30,No,Marketing,9.0,Low,4.0,Cat_2,D
465728,Male,No,45,Yes,,1.0,Low,1.0,Cat_4,B
462887,Female,Yes,42,No,Engineer,0.0,Low,3.0,Cat_6,D
460075,Female,No,25,Yes,Artist,,Low,1.0,Cat_6,D
460830,Male,Yes,40,No,Entertainment,3.0,Average,5.0,Cat_2,B
463638,Female,Yes,32,No,Doctor,1.0,Average,2.0,Cat_7,D
462612,Female,Yes,27,No,Doctor,,High,6.0,Cat_4,D
465894,Male,No,28,Yes,Artist,9.0,Low,6.0,Cat_6,D
460109,Male,Yes,50,Yes,Artist,8.0,Average,2.0,Cat_6,B
459424,Male,Yes,47,Yes,Doctor,,Low,3.0,Cat_6,B
465948,Female,Yes,48,Yes,Artist,0.0,Average,2.0,Cat_6,B
466395,Female,Yes,39,Yes,Doctor,3.0,High,2.0,Cat_4,A
462697,Male,,47,No,,0.0,Average,2.0,Cat_6,A
461821,Female,No,32,No,Doctor,1.0,Low,4.0,Cat_6,A
462216,Female,Yes,40,No,Doctor,0.0,Low,2.0,Cat_4,A
462563,Female,Yes,53,Yes,Artist,1.0,Average,2.0,Cat_6,D
466341,Male,Yes,49,Yes,Artist,1.0,Average,2.0,Cat_5,A
459451,Female,Yes,45,Yes,Artist,1.0,Low,2.0,Cat_6,D
465261,Female,No,23,Yes,Healthcare,1.0,Low,4.0,Cat_1,D
465538,Male,Yes,59,No,,5.0,High,2.0,Cat_6,B
462339,Male,No,31,Yes,Artist,4.0,Low,5.0,Cat_6,A
465963,Male,Yes,51,Yes,Artist,1.0,Low,2.0,Cat_6,B
466488,Male,Yes,61,Yes,Entertainment,0.0,Average,6.0,Cat_6,B
465975,Male,No,40,Yes,Artist,8.0,Low,1.0,Cat_6,A
466939,Male,Yes,73,No,Lawyer,1.0,High,2.0,Cat_6,A
467457,Female,No,30,Yes,Marketing,0.0,Low,6.0,Cat_6,A
463034,Female,No,28,Yes,Homemaker,9.0,Low,1.0,Cat_6,D
467883,Female,Yes,46,Yes,Artist,0.0,Average,2.0,Cat_6,A
467442,Male,Yes,56,Yes,Artist,,Average,2.0,Cat_6,A
467238,Female,No,26,No,Doctor,7.0,Low,4.0,Cat_6,C
465935,Male,No,29,Yes,Entertainment,9.0,Low,1.0,Cat_6,A
465725,Male,No,25,Yes,Doctor,1.0,Low,2.0,Cat_3,C
461928,Male,Yes,68,Yes,Lawyer,,Low,1.0,,A
467099,Female,No,30,No,Entertainment,0.0,Low,3.0,Cat_6,D
462131,Female,No,42,Yes,Artist,8.0,Low,3.0,Cat_2,C
467111,Male,Yes,66,Yes,Artist,1.0,Low,1.0,Cat_6,D
460119,Male,No,29,Yes,Healthcare,1.0,Low,4.0,Cat_6,D
466464,Female,Yes,45,Yes,Homemaker,2.0,Average,2.0,Cat_3,A
467895,Female,No,31,Yes,Healthcare,1.0,Low,4.0,Cat_6,A
466644,Female,No,51,Yes,Homemaker,0.0,Low,,Cat_6,B
460248,Female,No,27,Yes,Healthcare,7.0,Low,2.0,Cat_6,B
464938,Male,Yes,48,No,Artist,1.0,Low,3.0,Cat_4,B
466246,Male,No,20,No,Healthcare,1.0,Low,4.0,Cat_2,D
459755,Female,Yes,62,No,Artist,,Average,3.0,Cat_6,C
464606,Male,Yes,41,Yes,Artist,1.0,Average,2.0,Cat_6,C
462120,Male,Yes,46,No,Artist,1.0,Low,3.0,Cat_3,C
466718,Male,Yes,73,,Executive,0.0,High,2.0,Cat_6,A
460033,Female,,45,Yes,Entertainment,5.0,Low,3.0,Cat_6,D
463892,Male,No,42,Yes,Artist,8.0,Low,1.0,Cat_6,B
467741,Male,No,23,No,Healthcare,1.0,Low,3.0,Cat_4,B
464722,Male,Yes,42,Yes,Doctor,1.0,Low,,Cat_4,A
463452,Female,Yes,86,Yes,Lawyer,1.0,High,2.0,Cat_6,D
462220,Female,No,19,No,Healthcare,6.0,Low,3.0,Cat_4,D
463865,Male,Yes,46,Yes,Artist,1.0,Average,5.0,Cat_6,B
461174,Female,No,23,No,Marketing,,Low,4.0,Cat_3,A
462118,Male,No,31,Yes,Artist,0.0,Low,3.0,Cat_6,B
460187,Female,No,42,Yes,Doctor,2.0,Low,3.0,Cat_6,C
460846,Female,No,22,No,Marketing,0.0,Low,4.0,Cat_6,D
462409,Female,Yes,29,No,Engineer,5.0,Low,2.0,Cat_6,D
461738,Female,Yes,46,Yes,,,Average,3.0,Cat_6,A
462262,Male,No,27,No,Healthcare,1.0,Low,3.0,,D
466238,Male,No,20,No,Healthcare,1.0,Low,3.0,Cat_4,A
464540,Female,Yes,42,Yes,Engineer,1.0,Average,4.0,Cat_4,A
466721,Male,Yes,38,Yes,Doctor,7.0,Average,2.0,Cat_6,A
465433,Female,No,40,Yes,Artist,,Low,1.0,Cat_2,A
461705,Female,No,32,No,Healthcare,0.0,Low,4.0,Cat_6,A
463790,Male,Yes,47,No,Executive,1.0,Low,4.0,Cat_4,C
461570,Male,Yes,57,Yes,Artist,0.0,Average,3.0,Cat_6,D
463409,Female,Yes,38,No,Entertainment,6.0,Average,5.0,Cat_2,B
464704,Male,Yes,41,Yes,Healthcare,0.0,Average,4.0,Cat_4,C
467604,Male,No,26,No,Healthcare,8.0,Low,8.0,Cat_4,D
462508,Male,Yes,35,Yes,Healthcare,1.0,Low,7.0,Cat_4,B
465826,Male,Yes,46,No,Executive,4.0,Low,9.0,Cat_4,D
462370,Male,Yes,39,Yes,Executive,4.0,High,3.0,Cat_6,B
463713,Male,No,25,No,Engineer,9.0,Low,3.0,Cat_4,C
465441,Female,Yes,51,Yes,Engineer,2.0,Low,1.0,Cat_4,B
467643,Male,No,43,Yes,Artist,14.0,Low,1.0,Cat_3,B
465605,Female,Yes,52,Yes,Engineer,4.0,Low,1.0,Cat_3,B
459385,Female,Yes,35,Yes,Artist,1.0,Average,2.0,Cat_7,A
461968,Female,No,39,Yes,Entertainment,2.0,Low,1.0,Cat_6,D
466320,Female,No,39,Yes,Engineer,8.0,Low,2.0,Cat_4,C
463508,Female,Yes,25,No,Artist,0.0,Low,3.0,Cat_6,D
462349,Male,Yes,51,Yes,Artist,1.0,Average,6.0,Cat_6,A
460146,Female,Yes,51,Yes,Engineer,0.0,Average,3.0,Cat_3,A
462340,Male,Yes,60,No,Entertainment,0.0,Average,6.0,Cat_6,A
464000,Female,No,28,No,Healthcare,1.0,Low,5.0,Cat_7,B
461236,Female,No,28,Yes,Healthcare,9.0,Low,1.0,Cat_6,A
461749,Female,No,22,No,Healthcare,0.0,Low,5.0,Cat_6,D
464601,Female,No,29,Yes,Healthcare,9.0,Low,2.0,Cat_6,C
462275,Male,Yes,43,Yes,Artist,1.0,Average,2.0,Cat_6,C
463129,Male,Yes,65,No,Doctor,,Low,1.0,Cat_6,A
466606,Female,Yes,35,Yes,Engineer,1.0,Low,3.0,Cat_3,B
459415,Male,No,30,No,Doctor,0.0,Low,4.0,Cat_6,A
459664,Male,No,42,Yes,Artist,3.0,Low,1.0,Cat_6,A
466347,Male,Yes,66,No,Executive,6.0,Low,3.0,Cat_4,B
465214,Male,Yes,33,No,Engineer,14.0,Low,1.0,Cat_6,D
466975,Male,Yes,48,Yes,Artist,1.0,Average,2.0,Cat_6,D
465408,Male,No,25,No,Executive,,Low,4.0,Cat_6,D
465035,Female,Yes,83,Yes,Lawyer,13.0,High,2.0,Cat_6,B
459058,Male,No,42,Yes,Artist,0.0,Low,4.0,Cat_3,A
461319,Male,Yes,58,No,Artist,0.0,Average,2.0,Cat_6,B
462861,Female,No,30,Yes,Healthcare,8.0,Low,1.0,Cat_6,D
464533,Male,Yes,38,No,Executive,,High,6.0,Cat_6,D
461913,Male,No,43,Yes,Entertainment,5.0,Low,4.0,Cat_2,B
464499,Male,Yes,41,Yes,Executive,1.0,High,4.0,Cat_6,C
459015,Male,No,22,No,Healthcare,0.0,Low,3.0,Cat_6,D
465558,Female,No,40,Yes,Healthcare,8.0,Low,1.0,Cat_7,D
467472,Male,Yes,60,Yes,Executive,4.0,High,4.0,Cat_6,A
465383,Female,Yes,30,Yes,Entertainment,0.0,Low,4.0,Cat_6,D
463387,Male,,20,No,Marketing,3.0,Low,2.0,Cat_3,D
461476,Male,Yes,47,Yes,Artist,1.0,Average,4.0,Cat_2,D
461042,Male,No,21,No,Healthcare,0.0,Low,,Cat_4,D
465508,Male,No,21,No,Healthcare,1.0,Low,4.0,Cat_6,D
466024,Female,Yes,43,No,Entertainment,14.0,Low,2.0,Cat_3,A
459394,Male,No,28,No,Entertainment,8.0,Low,2.0,Cat_6,D
461802,Male,No,43,Yes,Artist,0.0,Low,4.0,Cat_6,B
460066,Female,No,45,No,Marketing,0.0,Low,1.0,Cat_6,B
465371,Female,No,41,Yes,Artist,1.0,Low,1.0,Cat_6,A
464441,Male,Yes,40,Yes,Artist,0.0,Low,2.0,Cat_2,D
463270,Male,Yes,50,No,Executive,0.0,Low,5.0,,C
467699,Female,Yes,29,Yes,Doctor,0.0,Average,2.0,Cat_4,D
459032,Male,No,18,No,Doctor,0.0,Low,3.0,Cat_6,D
462174,Female,Yes,41,Yes,Engineer,8.0,Average,4.0,Cat_4,B
459652,Female,No,26,No,Engineer,,Low,4.0,Cat_4,B
465121,Female,No,32,Yes,Artist,7.0,Low,1.0,Cat_3,D
466148,Male,Yes,39,No,Entertainment,1.0,Average,4.0,Cat_6,B
462963,Male,Yes,31,Yes,Artist,1.0,Average,2.0,Cat_3,A
465201,Male,Yes,42,Yes,Entertainment,1.0,Average,4.0,Cat_3,A
465668,Male,No,21,No,Healthcare,1.0,Low,5.0,Cat_4,D
461882,Female,No,28,Yes,Doctor,0.0,Low,5.0,Cat_7,D
460646,Male,Yes,59,Yes,Entertainment,,Low,,Cat_3,A
464204,Female,Yes,40,Yes,Artist,3.0,High,2.0,Cat_5,C
460953,Male,Yes,60,No,Entertainment,1.0,Low,2.0,Cat_6,B
459583,Male,Yes,46,Yes,Artist,0.0,Low,1.0,Cat_6,C
463256,Male,No,20,No,Marketing,1.0,Low,3.0,Cat_6,A
459937,Female,No,39,Yes,Artist,7.0,Low,1.0,Cat_6,D
462180,Female,Yes,61,Yes,Engineer,2.0,Average,4.0,Cat_2,A
467455,Female,No,41,Yes,Artist,8.0,Low,2.0,Cat_6,A
465860,Female,,25,Yes,Doctor,1.0,Low,3.0,Cat_6,A
467559,Male,Yes,58,Yes,Executive,0.0,Average,4.0,Cat_6,A
462736,Female,Yes,33,No,Engineer,6.0,Low,3.0,Cat_6,D
464911,Male,Yes,57,Yes,Artist,0.0,Average,3.0,Cat_4,C
460785,Male,No,26,Yes,Healthcare,0.0,Low,4.0,Cat_7,D
459456,Female,No,66,No,Lawyer,,Low,1.0,Cat_6,A
460358,Male,No,30,No,Marketing,1.0,Low,1.0,Cat_3,D
462085,Female,No,28,Yes,Healthcare,0.0,Low,1.0,Cat_6,D
465176,Female,Yes,63,Yes,Artist,1.0,Average,4.0,Cat_6,A
460545,Male,Yes,78,No,Lawyer,1.0,High,3.0,Cat_3,B
465056,Male,Yes,87,Yes,Lawyer,1.0,High,2.0,Cat_6,A
465793,Male,No,27,No,Healthcare,0.0,Low,5.0,Cat_4,D
464123,Female,No,45,Yes,Artist,1.0,Low,1.0,Cat_6,A
463951,Male,Yes,52,No,Entertainment,1.0,Average,3.0,Cat_6,B
460802,Male,Yes,68,Yes,Lawyer,1.0,High,2.0,Cat_6,A
463030,Male,Yes,52,Yes,Executive,1.0,High,3.0,Cat_6,A
460272,Female,No,88,Yes,Lawyer,0.0,Low,1.0,Cat_6,B
460877,Female,Yes,53,No,Artist,1.0,Average,5.0,Cat_6,B
467329,Female,No,40,Yes,Doctor,1.0,Low,1.0,Cat_6,C
465182,Female,No,73,Yes,Lawyer,1.0,Low,1.0,Cat_6,A
467159,Female,Yes,37,Yes,Homemaker,9.0,High,2.0,Cat_6,C
461724,Female,Yes,50,Yes,Artist,1.0,Low,1.0,Cat_7,C
467595,Female,No,25,Yes,Healthcare,0.0,Low,1.0,Cat_6,A
462346,Male,Yes,74,Yes,Lawyer,9.0,Low,1.0,Cat_6,C
463164,Male,Yes,39,Yes,Artist,9.0,Average,2.0,Cat_6,A
465155,Male,Yes,81,Yes,Lawyer,0.0,Low,1.0,Cat_6,B
461181,Male,No,19,No,Healthcare,,Low,4.0,Cat_3,D
466966,Male,Yes,59,Yes,Entertainment,1.0,Average,2.0,Cat_6,C
459419,Male,Yes,65,Yes,Doctor,1.0,Average,2.0,Cat_6,B
466802,Female,,40,Yes,Engineer,0.0,Low,1.0,Cat_6,A
465863,Male,No,30,No,Healthcare,6.0,Low,3.0,Cat_6,A
460362,Male,Yes,55,Yes,Healthcare,0.0,Low,3.0,Cat_4,B
461668,Male,Yes,53,Yes,Artist,4.0,Average,4.0,Cat_2,C
467088,Male,Yes,57,Yes,Artist,1.0,Low,1.0,Cat_3,A
461015,Male,Yes,35,Yes,Entertainment,1.0,Average,2.0,Cat_3,D
463404,Male,Yes,27,No,Doctor,,High,2.0,Cat_3,C
459962,Male,Yes,55,Yes,Artist,9.0,Low,1.0,Cat_6,B
460306,Female,No,43,Yes,Healthcare,9.0,Low,1.0,Cat_6,D
459264,Female,No,35,Yes,Artist,0.0,Low,2.0,Cat_6,D
466326,Male,No,23,No,Healthcare,0.0,Low,5.0,Cat_3,A
467852,Female,No,39,Yes,Artist,12.0,Low,1.0,Cat_6,C
459398,Female,Yes,58,No,Lawyer,,High,2.0,Cat_6,B
464915,Male,Yes,39,Yes,Executive,,High,4.0,Cat_4,B
464872,Male,Yes,38,Yes,Artist,1.0,Low,4.0,Cat_4,C
465285,Female,Yes,31,No,Engineer,8.0,Low,4.0,Cat_6,C
463714,Male,Yes,59,No,,1.0,Average,2.0,Cat_4,A
466370,Female,,52,Yes,Artist,0.0,Low,4.0,Cat_2,C
466777,Female,Yes,51,Yes,Homemaker,9.0,Average,2.0,Cat_6,D
462982,Male,Yes,40,No,Doctor,4.0,Average,4.0,Cat_6,B
461357,Male,No,27,Yes,Healthcare,1.0,Low,4.0,Cat_6,D
463386,Female,Yes,42,Yes,Doctor,6.0,Low,1.0,Cat_3,A
465651,Male,No,32,No,Engineer,0.0,Low,4.0,Cat_6,A
459856,Male,Yes,50,No,Entertainment,0.0,Average,3.0,Cat_6,C
467256,Male,No,30,No,Healthcare,1.0,Low,4.0,Cat_2,A
466401,Male,Yes,50,No,Executive,1.0,Average,4.0,Cat_6,B
463605,Female,No,20,No,Healthcare,1.0,Low,5.0,Cat_5,D
466778,Male,Yes,35,Yes,Entertainment,1.0,Low,2.0,Cat_3,A
462078,Female,Yes,57,No,Artist,1.0,Average,2.0,Cat_2,B
465091,Male,Yes,60,Yes,Entertainment,,Average,3.0,Cat_6,B
463406,Male,No,31,No,Marketing,0.0,Low,4.0,Cat_3,D
466687,Male,No,21,No,Healthcare,1.0,Low,3.0,Cat_6,D
467609,Male,No,42,No,Artist,2.0,Low,4.0,Cat_6,A
460902,Male,No,41,Yes,Executive,1.0,Low,3.0,Cat_6,D
465087,Male,No,29,Yes,Doctor,0.0,Low,4.0,Cat_6,A
467940,Female,No,27,No,Marketing,8.0,Low,4.0,Cat_2,D
460206,Female,Yes,39,Yes,Entertainment,0.0,Low,2.0,Cat_6,A
460097,Male,,40,Yes,Artist,0.0,Low,2.0,Cat_3,B
467499,Male,Yes,39,Yes,Artist,,Low,3.0,Cat_6,A
467449,Female,Yes,85,Yes,Lawyer,1.0,Low,2.0,Cat_6,A
464473,Female,Yes,58,Yes,Artist,0.0,Average,4.0,Cat_6,A
462732,Female,Yes,42,Yes,Artist,,Low,1.0,Cat_6,B
464920,Male,No,39,Yes,Artist,4.0,Low,1.0,Cat_4,A
463821,Male,Yes,30,Yes,Entertainment,7.0,Low,2.0,Cat_6,D
466713,Female,Yes,68,Yes,Artist,1.0,High,4.0,Cat_6,A
462052,Male,Yes,50,Yes,Artist,0.0,Low,2.0,Cat_6,C
461558,Male,Yes,51,Yes,Engineer,2.0,Average,2.0,Cat_6,C
467927,Male,No,30,Yes,Doctor,8.0,Low,6.0,Cat_2,D
460081,Male,Yes,41,Yes,Artist,11.0,High,2.0,Cat_6,A
466502,Male,No,19,No,Healthcare,0.0,Low,5.0,Cat_3,A
463491,Male,Yes,27,Yes,Doctor,8.0,Average,3.0,Cat_6,B
460058,Male,Yes,50,Yes,Artist,1.0,Low,1.0,Cat_4,B
464522,Female,No,39,Yes,Engineer,14.0,Low,1.0,Cat_6,C
464684,Female,No,35,No,Engineer,9.0,Low,5.0,Cat_4,B
467707,Male,Yes,89,Yes,Lawyer,7.0,High,2.0,Cat_6,C
459024,Male,Yes,50,Yes,Artist,1.0,Average,5.0,Cat_6,A
462011,Male,Yes,30,No,Marketing,0.0,Low,4.0,Cat_4,C
459499,Female,Yes,79,No,Lawyer,,High,2.0,Cat_6,C
464696,Female,No,40,Yes,Engineer,1.0,Low,1.0,Cat_4,C
459819,Male,Yes,72,Yes,Entertainment,,High,2.0,Cat_6,C
466017,Female,Yes,45,Yes,Homemaker,0.0,Low,1.0,Cat_3,A
461252,Female,Yes,53,Yes,Doctor,0.0,Low,1.0,Cat_3,D
462017,Male,No,26,Yes,Entertainment,9.0,Low,1.0,Cat_2,A
467180,Male,Yes,43,Yes,Healthcare,1.0,Low,3.0,Cat_3,D
459815,Male,No,42,Yes,Artist,8.0,Low,1.0,Cat_6,A
461804,Female,No,42,Yes,Artist,1.0,Low,1.0,Cat_6,D
467301,Female,Yes,73,No,Lawyer,1.0,Low,2.0,Cat_6,D
459412,Male,Yes,61,Yes,,1.0,Average,3.0,Cat_6,D
464308,Female,Yes,84,Yes,Lawyer,1.0,High,2.0,Cat_6,D
460052,Female,No,86,Yes,Lawyer,0.0,Low,1.0,Cat_3,D
461152,Female,No,30,No,Homemaker,8.0,Low,,Cat_3,A
466084,Male,Yes,46,Yes,Homemaker,11.0,Low,1.0,Cat_3,A
467913,Male,Yes,48,Yes,Artist,3.0,Low,1.0,Cat_6,B
460825,Male,No,26,Yes,Doctor,0.0,Low,3.0,Cat_4,C
459413,Female,Yes,79,Yes,Artist,,High,2.0,Cat_6,B
459352,Male,Yes,43,Yes,Doctor,4.0,Average,4.0,Cat_3,B
460708,Male,Yes,39,Yes,Artist,0.0,Low,3.0,Cat_6,A
459691,Male,Yes,58,No,Artist,,Average,2.0,Cat_6,D
461356,Male,No,28,Yes,Entertainment,1.0,Low,2.0,Cat_6,B
467355,Male,No,26,No,Healthcare,0.0,Low,4.0,Cat_6,D
466671,Female,,28,No,Healthcare,3.0,Low,3.0,Cat_2,A
463799,Female,No,36,Yes,Artist,1.0,Low,4.0,Cat_2,C
460073,Female,Yes,36,Yes,Engineer,3.0,Low,1.0,Cat_6,B
465873,Male,No,36,Yes,Entertainment,13.0,Low,1.0,Cat_6,A
463423,Male,Yes,61,No,Executive,1.0,Average,3.0,Cat_6,B
466225,Male,No,19,No,Healthcare,1.0,Low,3.0,Cat_2,A
463891,Male,Yes,86,Yes,Lawyer,0.0,Low,1.0,Cat_6,B
465342,Male,Yes,85,Yes,Executive,0.0,High,2.0,Cat_6,D
467116,Male,Yes,65,Yes,Executive,1.0,High,2.0,Cat_6,B
461323,Female,Yes,43,Yes,Healthcare,6.0,Average,2.0,Cat_6,B
461815,Male,Yes,59,Yes,Artist,0.0,Low,1.0,Cat_3,A
459581,Female,No,35,No,,,Low,,Cat_7,C
463926,Female,No,26,No,Engineer,1.0,Low,6.0,Cat_6,A
460861,Male,No,20,No,Healthcare,1.0,Low,3.0,Cat_3,A
462172,Male,Yes,37,Yes,Doctor,1.0,Average,2.0,Cat_1,D
460618,Male,Yes,63,Yes,Lawyer,,Low,4.0,Cat_3,A
464553,Male,Yes,71,Yes,Artist,1.0,Low,2.0,Cat_6,B
465804,Female,Yes,68,No,Engineer,0.0,Low,1.0,Cat_4,A
465753,Female,Yes,49,Yes,Artist,7.0,Low,2.0,Cat_6,C
461119,Female,No,22,No,Healthcare,6.0,Low,3.0,Cat_3,C
459000,Male,Yes,59,No,Executive,11.0,High,2.0,Cat_6,B
465680,Male,Yes,28,No,Healthcare,0.0,Average,5.0,Cat_4,A
460492,Female,No,37,No,Marketing,12.0,Low,,Cat_3,D
463500,Male,Yes,35,Yes,Executive,1.0,High,4.0,Cat_6,A
459003,Male,Yes,47,Yes,Doctor,0.0,High,5.0,Cat_4,C
463158,Male,Yes,75,Yes,Executive,1.0,High,3.0,Cat_6,D
462081,Male,No,21,No,Marketing,1.0,Low,3.0,Cat_4,B
460780,Female,No,26,Yes,Healthcare,0.0,Low,2.0,Cat_3,B
459701,Male,No,46,No,Artist,3.0,Low,3.0,Cat_5,D
462531,Female,Yes,57,No,Homemaker,,High,2.0,Cat_6,A
460740,Male,Yes,35,Yes,Artist,2.0,Average,3.0,Cat_6,C
459748,Male,Yes,51,No,Executive,1.0,High,2.0,Cat_6,B
462013,Female,Yes,56,Yes,Executive,0.0,Average,2.0,Cat_6,C
465611,Male,No,53,Yes,Doctor,0.0,Low,1.0,Cat_6,B
462869,Male,No,25,Yes,Doctor,8.0,Low,1.0,Cat_6,A
465916,Male,No,41,Yes,Artist,4.0,Low,1.0,Cat_6,D
466406,Male,Yes,63,Yes,Entertainment,0.0,Low,3.0,Cat_6,B
466483,Male,No,31,Yes,Healthcare,,Low,1.0,Cat_3,D
465357,Female,Yes,47,Yes,Artist,0.0,Average,3.0,Cat_6,B
465811,Male,No,28,No,Healthcare,1.0,Low,4.0,Cat_4,A
461801,Female,No,25,No,Healthcare,1.0,Low,3.0,Cat_6,A
463606,Male,No,21,No,Marketing,0.0,Low,4.0,Cat_2,D
466543,Male,No,26,Yes,Doctor,11.0,Low,2.0,Cat_7,A
466725,Female,Yes,76,No,Lawyer,1.0,High,2.0,Cat_6,A
464137,Female,Yes,87,No,Artist,7.0,High,2.0,Cat_7,B
464474,Female,No,46,Yes,Artist,1.0,Low,1.0,Cat_6,D
467359,Male,Yes,43,Yes,Artist,5.0,Average,2.0,Cat_6,C
459871,Female,Yes,85,No,Entertainment,2.0,Average,2.0,Cat_6,C
461177,Male,Yes,41,No,Executive,8.0,Average,4.0,Cat_1,A
465865,Female,No,41,Yes,Healthcare,9.0,Low,1.0,Cat_6,D
466576,Female,No,18,No,Healthcare,0.0,Low,4.0,Cat_6,D
467474,Male,No,18,No,Healthcare,2.0,Low,5.0,Cat_6,D
465001,Male,Yes,84,Yes,Lawyer,1.0,High,2.0,Cat_6,B
466001,Female,Yes,42,Yes,Entertainment,6.0,Low,2.0,Cat_6,B
460040,Female,Yes,62,Yes,Homemaker,4.0,Low,1.0,Cat_5,A
463932,Female,Yes,69,Yes,Artist,1.0,Average,3.0,Cat_6,A
464990,Male,Yes,73,No,Executive,0.0,High,2.0,Cat_6,D
463493,Male,Yes,36,Yes,Executive,,High,4.0,Cat_6,B
465965,Female,Yes,36,No,Marketing,8.0,Low,2.0,Cat_6,A
461257,Male,Yes,37,Yes,Engineer,1.0,Average,2.0,Cat_4,D
464185,Male,Yes,68,Yes,Artist,5.0,High,2.0,Cat_6,A
460999,Male,No,28,Yes,Engineer,0.0,Low,3.0,Cat_3,C
460370,Female,Yes,27,Yes,Executive,9.0,High,2.0,Cat_6,B
464332,Male,Yes,74,No,Executive,0.0,High,2.0,Cat_6,B
460934,Female,No,29,No,Doctor,0.0,Low,2.0,Cat_6,A
467898,Female,Yes,69,Yes,Artist,1.0,Low,1.0,Cat_6,B
463664,Female,No,29,No,Engineer,0.0,Low,1.0,Cat_6,D
461034,Female,No,20,No,Marketing,3.0,Low,6.0,Cat_3,D
466185,Male,Yes,62,Yes,Doctor,0.0,Average,4.0,Cat_6,D
464030,Male,No,22,No,Entertainment,1.0,Low,4.0,Cat_6,D
467079,Male,Yes,38,Yes,Artist,1.0,Low,2.0,Cat_6,A
459699,Female,,56,Yes,Engineer,8.0,Average,3.0,Cat_6,A
465522,Female,No,33,Yes,Healthcare,4.0,Low,8.0,Cat_5,D
462903,Male,Yes,69,Yes,Entertainment,,Average,2.0,Cat_6,A
459339,Male,Yes,29,Yes,Healthcare,8.0,High,2.0,Cat_6,C
466233,Female,Yes,59,Yes,Homemaker,6.0,Low,1.0,Cat_6,B
459193,Male,No,39,Yes,Artist,0.0,Low,1.0,Cat_6,C
463756,Male,Yes,66,No,Executive,0.0,Average,2.0,Cat_6,C
467132,Female,Yes,73,Yes,Engineer,0.0,Low,2.0,Cat_6,C
459061,Female,Yes,35,Yes,Healthcare,9.0,High,3.0,Cat_6,B
463138,Female,No,27,No,Homemaker,,Low,,Cat_3,A
466402,Male,Yes,37,Yes,Artist,1.0,Average,4.0,Cat_6,D
459421,Male,Yes,32,No,Healthcare,0.0,Average,4.0,Cat_6,D
460726,Male,Yes,57,Yes,Artist,3.0,Average,2.0,Cat_6,B
461698,Female,Yes,73,Yes,Artist,0.0,High,2.0,Cat_6,B
465543,Female,Yes,41,Yes,Healthcare,1.0,Average,2.0,Cat_3,A
464039,Male,No,39,Yes,Artist,1.0,Low,2.0,Cat_6,A
459247,Male,Yes,58,Yes,Executive,1.0,Average,5.0,Cat_6,A
463174,Female,Yes,62,Yes,Engineer,1.0,Low,1.0,Cat_3,B
466397,Male,No,18,No,Healthcare,0.0,Low,3.0,Cat_3,B
466335,Female,No,30,No,Healthcare,1.0,Low,3.0,Cat_4,D
465851,Female,Yes,51,No,Artist,9.0,High,2.0,Cat_4,A
465288,Female,Yes,20,No,Engineer,1.0,Low,2.0,Cat_4,A
460556,Female,Yes,41,Yes,,1.0,Low,1.0,Cat_3,D
464641,Female,Yes,71,Yes,Lawyer,2.0,Low,6.0,Cat_1,A
467023,Male,Yes,26,No,Doctor,8.0,Average,2.0,Cat_6,D
467579,Male,No,35,Yes,Doctor,5.0,Low,1.0,Cat_6,A
461426,Male,Yes,47,Yes,Artist,7.0,Average,2.0,Cat_6,A
466200,Male,Yes,45,Yes,Doctor,8.0,Average,3.0,Cat_4,B
466846,Male,No,20,No,Healthcare,3.0,Low,4.0,Cat_2,A
467860,Female,No,33,Yes,Entertainment,0.0,Low,1.0,Cat_7,A
465571,Male,Yes,35,Yes,Entertainment,1.0,Average,2.0,Cat_2,B
465039,Female,Yes,87,No,Lawyer,0.0,High,2.0,Cat_6,A
460168,Male,Yes,83,Yes,Executive,0.0,High,2.0,Cat_2,A
461462,Male,Yes,56,Yes,Marketing,0.0,Low,3.0,Cat_6,A
465703,Male,Yes,26,No,Entertainment,3.0,Low,2.0,Cat_4,A
464603,Female,No,35,Yes,Artist,0.0,Low,2.0,Cat_3,B
462415,Male,No,25,No,Doctor,1.0,Low,1.0,Cat_6,D
462424,Female,Yes,38,No,Artist,0.0,Low,3.0,Cat_6,C
461943,Male,No,25,Yes,Healthcare,1.0,Low,3.0,Cat_6,C
463462,Female,Yes,43,No,Engineer,0.0,Average,4.0,Cat_6,A
466382,Female,Yes,45,Yes,Engineer,2.0,High,2.0,Cat_4,A
465290,Male,Yes,50,Yes,Executive,0.0,High,5.0,Cat_6,A
461183,Male,No,36,No,Executive,0.0,Low,5.0,Cat_3,A
460174,Female,No,43,Yes,Artist,9.0,Low,4.0,Cat_6,C
466908,Male,Yes,60,Yes,Entertainment,1.0,Low,2.0,Cat_6,C
463148,Male,Yes,62,Yes,Marketing,1.0,High,5.0,Cat_6,B
459222,Female,Yes,67,Yes,Artist,0.0,Average,3.0,Cat_6,A
459074,Female,No,29,Yes,Healthcare,0.0,Low,4.0,Cat_4,B
460518,Female,Yes,41,Yes,Engineer,9.0,Average,3.0,Cat_3,A
460686,Female,,25,No,Homemaker,8.0,Low,1.0,Cat_3,D
461363,Male,No,49,Yes,Artist,0.0,Low,1.0,Cat_6,A
459162,Female,Yes,83,Yes,Lawyer,0.0,High,2.0,Cat_6,C
461085,Female,No,27,No,Engineer,1.0,Low,1.0,Cat_3,D
459981,Male,No,36,Yes,Artist,5.0,Low,1.0,Cat_6,A
461340,Male,Yes,36,Yes,Artist,4.0,Average,2.0,Cat_7,B
466792,Female,Yes,85,No,Lawyer,0.0,Low,1.0,Cat_6,A
463251,Male,Yes,31,No,Marketing,2.0,Low,3.0,Cat_6,D
461038,Female,Yes,46,Yes,Engineer,0.0,High,5.0,Cat_3,C
459008,Female,Yes,47,Yes,Artist,1.0,Average,3.0,Cat_6,D
463265,Male,Yes,65,Yes,Artist,1.0,Average,3.0,Cat_6,D
461679,Male,No,30,Yes,Healthcare,3.0,Low,4.0,Cat_6,A
462496,Male,Yes,52,No,Artist,0.0,Average,3.0,Cat_6,A
460103,Male,No,26,Yes,Artist,1.0,Low,1.0,Cat_4,D
464432,Male,No,25,No,Engineer,9.0,Low,2.0,Cat_3,D
459136,Male,Yes,47,Yes,Artist,0.0,Average,2.0,Cat_6,D
466733,Female,No,33,No,Homemaker,0.0,Low,,Cat_4,A
459323,Female,No,18,No,Doctor,,Low,,Cat_6,D
460126,Female,Yes,48,Yes,Marketing,8.0,Low,,Cat_6,C
462589,Female,No,29,No,Engineer,9.0,Low,8.0,Cat_4,A
459742,Female,Yes,84,No,Lawyer,1.0,High,2.0,Cat_6,D
459632,Female,Yes,50,No,Marketing,0.0,High,3.0,Cat_4,C
462823,Male,Yes,18,Yes,Engineer,,Average,4.0,Cat_6,D
466759,Female,No,26,No,Healthcare,2.0,Low,,Cat_6,D
465635,Male,No,30,No,Doctor,1.0,Low,2.0,Cat_4,D
461653,Female,Yes,60,Yes,Doctor,0.0,Average,2.0,Cat_6,D
462654,Male,Yes,37,No,Artist,0.0,Average,6.0,Cat_4,A
465237,Male,Yes,70,Yes,Lawyer,,High,2.0,Cat_6,D
464957,Female,Yes,75,No,Lawyer,0.0,Low,1.0,Cat_4,B
465831,Male,Yes,42,No,Executive,0.0,High,5.0,Cat_4,A
465555,Female,Yes,69,No,Lawyer,,High,2.0,Cat_4,A
467000,Female,No,31,Yes,Artist,1.0,Low,6.0,Cat_4,A
460118,Female,Yes,36,Yes,Artist,4.0,Low,2.0,Cat_6,D
460668,Female,No,32,Yes,Doctor,,Low,2.0,Cat_3,D
459713,Male,No,19,No,Healthcare,,Low,3.0,Cat_6,C
461118,Female,No,30,Yes,Healthcare,7.0,Low,,Cat_3,A
464176,Female,Yes,41,Yes,Artist,1.0,Low,1.0,Cat_6,B
466790,Male,Yes,47,Yes,Doctor,0.0,Average,2.0,Cat_3,A
463785,Female,No,30,No,Healthcare,0.0,Low,4.0,Cat_4,D
460719,Female,Yes,84,Yes,Lawyer,0.0,Low,,Cat_3,A
466149,Female,No,28,No,Doctor,2.0,Low,4.0,Cat_6,A
466791,Male,Yes,81,No,Lawyer,0.0,Low,1.0,Cat_6,A
460976,Male,No,19,No,Healthcare,1.0,Low,4.0,Cat_6,D
464016,Female,,29,Yes,Entertainment,1.0,High,1.0,Cat_1,A
465997,Female,No,31,No,Doctor,0.0,Low,3.0,Cat_6,C
465171,Female,Yes,48,Yes,Artist,8.0,High,4.0,Cat_6,C
463783,Female,No,29,No,Healthcare,,Low,,,A
462577,Female,Yes,71,No,Marketing,0.0,High,2.0,Cat_4,B
466321,Male,Yes,43,Yes,Entertainment,3.0,Low,2.0,Cat_4,D
459172,Male,No,18,No,Healthcare,3.0,Low,3.0,Cat_2,C
461211,Female,No,46,Yes,Entertainment,0.0,Low,1.0,Cat_6,C
459287,Male,No,43,Yes,Lawyer,0.0,Low,1.0,Cat_4,C
461187,Male,No,29,No,Healthcare,9.0,Low,4.0,Cat_3,A
465483,Male,Yes,46,No,Artist,0.0,Average,3.0,Cat_6,A
465437,Male,Yes,45,Yes,Executive,4.0,High,5.0,Cat_6,A
467113,Male,Yes,83,Yes,Lawyer,,Low,1.0,Cat_6,A
459889,Male,Yes,59,Yes,Homemaker,9.0,Average,3.0,Cat_6,B
464849,Male,Yes,42,Yes,Artist,0.0,Average,4.0,Cat_4,A
465496,Male,Yes,84,Yes,Lawyer,,Low,2.0,Cat_2,C
460162,Female,No,19,No,Healthcare,0.0,Low,4.0,Cat_2,D
465598,Male,No,27,Yes,Healthcare,6.0,Low,5.0,Cat_2,C
464200,Female,No,32,No,Healthcare,1.0,Low,3.0,Cat_6,C
463699,Female,Yes,38,Yes,Marketing,9.0,Low,3.0,Cat_6,D
465777,Female,No,32,Yes,Artist,9.0,Low,5.0,Cat_6,D
461816,Female,No,49,Yes,Marketing,0.0,Low,5.0,Cat_6,D
463040,Male,Yes,83,No,Lawyer,1.0,High,2.0,Cat_6,C
466910,Male,Yes,62,Yes,Entertainment,9.0,Low,1.0,Cat_6,C
461503,Female,No,30,Yes,Artist,8.0,Low,2.0,Cat_6,D
459347,Male,Yes,70,Yes,Lawyer,1.0,Low,1.0,Cat_6,A
466815,Male,No,31,No,Healthcare,1.0,Low,5.0,Cat_4,D
465040,Male,Yes,69,No,Lawyer,1.0,Average,2.0,Cat_6,D
459120,Male,No,19,No,Healthcare,5.0,Low,5.0,Cat_2,A
465026,Female,No,25,No,Doctor,0.0,Low,2.0,Cat_6,B
459384,Male,Yes,50,Yes,Artist,1.0,Average,3.0,Cat_6,D
459607,Male,Yes,40,Yes,Entertainment,5.0,Average,5.0,Cat_6,A
463958,Female,No,27,No,Healthcare,1.0,Low,5.0,Cat_2,B
459150,Female,No,48,Yes,Doctor,0.0,Low,1.0,Cat_6,A
465120,Female,No,27,Yes,Healthcare,1.0,Low,4.0,Cat_6,D
460763,Male,No,51,Yes,Artist,1.0,Low,2.0,Cat_6,C
459196,Female,No,18,No,Healthcare,0.0,Low,3.0,Cat_4,B
465625,Male,No,36,Yes,Artist,14.0,Low,2.0,Cat_6,A
465393,Male,Yes,35,Yes,Artist,5.0,Average,2.0,Cat_6,D
466166,Male,Yes,77,Yes,Lawyer,0.0,High,2.0,Cat_4,C
466906,Male,No,63,Yes,Artist,0.0,Low,2.0,Cat_6,B
466111,Male,Yes,84,Yes,Lawyer,0.0,Low,2.0,Cat_6,A
463776,Female,Yes,36,Yes,Artist,2.0,Average,2.0,Cat_6,A
459541,Male,Yes,59,Yes,Artist,1.0,High,2.0,Cat_6,C
459410,Female,Yes,88,Yes,Lawyer,1.0,High,2.0,Cat_6,A
462015,Male,Yes,28,Yes,Entertainment,0.0,Average,2.0,Cat_6,D
461659,Female,Yes,51,Yes,Artist,0.0,Average,2.0,Cat_6,C
459401,Male,No,28,No,Healthcare,1.0,Low,3.0,,C
459227,Female,Yes,32,No,Engineer,9.0,Low,4.0,Cat_6,A
464381,Male,Yes,43,Yes,Artist,4.0,Average,2.0,Cat_6,D
466751,Female,No,20,,Healthcare,1.0,Low,4.0,Cat_6,D
461494,Male,Yes,27,No,Engineer,0.0,Average,2.0,Cat_6,D
460738,Female,No,53,No,Engineer,0.0,Low,,Cat_7,B
462395,Male,Yes,46,Yes,Artist,0.0,High,2.0,Cat_6,C
465649,Female,Yes,36,Yes,Marketing,5.0,Low,1.0,Cat_6,D
462274,Male,Yes,47,Yes,Artist,1.0,Average,3.0,Cat_6,D
467053,Male,No,18,No,Healthcare,5.0,Low,4.0,Cat_6,B
459480,Female,Yes,46,Yes,Entertainment,7.0,Low,3.0,Cat_6,C
459771,Female,,30,Yes,Doctor,0.0,Low,3.0,Cat_3,A
463447,Male,Yes,57,No,Engineer,1.0,Average,2.0,Cat_6,A
460422,Male,Yes,52,Yes,Entertainment,1.0,High,,Cat_6,D
465675,Female,No,51,No,Entertainment,0.0,Low,1.0,Cat_4,C
461860,Female,Yes,77,Yes,Lawyer,1.0,High,2.0,Cat_6,D
463550,Female,Yes,37,Yes,Artist,0.0,Average,2.0,Cat_4,B
466007,Male,Yes,61,No,Artist,0.0,Low,1.0,Cat_7,A
465384,Male,Yes,56,Yes,Artist,0.0,High,2.0,Cat_6,B
459293,Male,No,21,No,Healthcare,,Low,,Cat_1,C
465740,Female,No,71,Yes,Doctor,0.0,Low,1.0,Cat_6,B
461683,Male,Yes,40,Yes,Executive,1.0,High,4.0,Cat_6,A
461423,Male,No,32,Yes,Artist,1.0,Low,3.0,Cat_4,D
467710,Female,No,38,Yes,Artist,9.0,Low,4.0,Cat_6,C
464868,Male,Yes,42,Yes,Entertainment,7.0,Low,6.0,Cat_4,B
466286,Female,Yes,52,Yes,Artist,1.0,Average,5.0,Cat_2,D
459316,Male,Yes,30,Yes,Healthcare,1.0,Low,2.0,Cat_6,A
460390,Male,No,41,Yes,Artist,9.0,Low,3.0,Cat_6,B
459216,Female,No,36,Yes,Artist,0.0,Low,2.0,Cat_6,B
460872,Female,Yes,39,Yes,Artist,0.0,Low,2.0,Cat_4,B
465587,Male,Yes,41,Yes,Entertainment,,Low,5.0,Cat_3,C
465972,Female,No,51,Yes,Marketing,9.0,Low,1.0,Cat_6,D
466141,Female,Yes,58,Yes,Homemaker,1.0,Low,4.0,Cat_6,C
463108,Male,Yes,63,Yes,Lawyer,5.0,High,2.0,Cat_6,B
462080,Female,No,43,Yes,Artist,9.0,Low,1.0,Cat_6,A
463431,Male,Yes,39,Yes,Artist,,Average,4.0,Cat_4,B
467344,Male,Yes,89,Yes,Lawyer,0.0,Low,2.0,Cat_6,D
467232,Male,No,26,No,Entertainment,1.0,Low,2.0,Cat_6,D
467849,Female,Yes,39,Yes,Doctor,0.0,Low,1.0,Cat_2,A
465294,Male,Yes,67,No,Lawyer,0.0,Low,2.0,Cat_6,B
461514,Male,No,30,No,Healthcare,1.0,Low,4.0,Cat_6,C
466565,Male,Yes,32,No,Artist,7.0,Average,2.0,Cat_6,A
462284,Male,Yes,48,Yes,Executive,1.0,Average,4.0,Cat_6,C
460265,Male,Yes,47,Yes,Executive,0.0,High,4.0,Cat_6,D
459725,Female,Yes,40,Yes,Artist,0.0,Low,2.0,Cat_6,A
466788,Male,No,30,No,Doctor,3.0,Low,2.0,Cat_6,D
459851,Male,No,45,Yes,Artist,2.0,Low,1.0,Cat_6,C
463443,Male,Yes,52,Yes,Artist,1.0,Average,4.0,Cat_6,A
465521,Female,Yes,53,Yes,Artist,1.0,Average,2.0,Cat_7,D
465866,Male,Yes,42,Yes,Artist,6.0,Low,3.0,Cat_6,A
459361,Female,No,32,Yes,Engineer,,Low,2.0,Cat_6,D
460397,Female,No,56,Yes,Entertainment,1.0,Low,1.0,Cat_6,C
461215,Female,No,36,Yes,Artist,10.0,Low,1.0,Cat_6,B
459779,Female,Yes,62,Yes,Entertainment,1.0,Low,1.0,Cat_6,B
466650,Female,No,27,No,Healthcare,8.0,Low,3.0,Cat_4,D
464318,Male,Yes,86,Yes,Executive,0.0,Low,1.0,Cat_6,D
467958,Female,No,35,Yes,Doctor,1.0,Low,1.0,Cat_6,A
459289,Male,No,42,Yes,Doctor,0.0,Low,1.0,Cat_6,B
466085,Male,No,22,No,,8.0,Low,4.0,Cat_4,D
459091,Male,Yes,72,Yes,Artist,1.0,Average,6.0,Cat_1,D
466810,Male,No,18,No,Healthcare,0.0,Low,3.0,Cat_6,D
466665,Male,Yes,36,Yes,Artist,1.0,Average,2.0,Cat_6,D
467227,Female,No,43,Yes,Artist,14.0,Low,1.0,Cat_4,D
460434,Male,,57,Yes,Artist,2.0,High,3.0,Cat_6,B
463946,Male,No,33,No,Healthcare,4.0,Low,3.0,Cat_4,D
465113,Male,Yes,67,Yes,Lawyer,0.0,High,2.0,Cat_4,B
461326,Female,No,40,Yes,Artist,0.0,Low,1.0,Cat_6,A
466153,Male,Yes,73,No,Entertainment,0.0,Average,2.0,Cat_6,A
466804,Female,,35,Yes,Homemaker,4.0,Low,1.0,Cat_3,B
458989,Female,Yes,36,Yes,Engineer,0.0,Low,1.0,Cat_6,B
465482,Male,No,31,No,Entertainment,9.0,Low,2.0,Cat_2,C
460454,Male,No,48,Yes,Artist,,Low,1.0,Cat_6,C
462680,Male,Yes,35,Yes,Doctor,,Average,4.0,Cat_6,D
462702,Male,Yes,53,No,Entertainment,1.0,Average,4.0,Cat_4,B
462900,Male,Yes,38,Yes,Artist,1.0,Average,3.0,Cat_6,C
459236,Female,Yes,78,No,Lawyer,0.0,High,2.0,Cat_6,D
463986,Female,No,26,Yes,Artist,1.0,Low,4.0,Cat_6,B
466235,Female,Yes,61,Yes,Artist,0.0,Average,4.0,Cat_4,D
461221,Female,No,25,No,Marketing,1.0,Low,4.0,Cat_6,B
464386,Male,Yes,41,Yes,Doctor,0.0,Average,3.0,Cat_6,A
466635,Male,Yes,50,Yes,Artist,4.0,Average,2.0,Cat_6,B
462488,Male,No,31,Yes,Healthcare,1.0,Low,5.0,Cat_6,A
463904,Male,Yes,82,Yes,Executive,1.0,Low,1.0,Cat_6,D
461534,Male,Yes,36,Yes,Artist,0.0,Low,1.0,Cat_6,A
465463,Female,No,28,No,Doctor,,Low,5.0,Cat_2,B
464690,Male,Yes,39,No,Engineer,2.0,Average,,Cat_4,A
465435,Female,No,31,Yes,Artist,5.0,Low,1.0,Cat_6,A
466022,Female,Yes,67,No,Engineer,,High,3.0,Cat_7,C
465809,Female,No,25,No,Homemaker,1.0,Low,7.0,Cat_4,A
460541,Female,Yes,42,Yes,Homemaker,0.0,Average,3.0,Cat_3,D
460653,Female,No,28,No,Homemaker,8.0,Low,1.0,Cat_4,B
461727,Female,No,49,Yes,Artist,1.0,Low,3.0,Cat_6,D
460319,Female,Yes,39,No,Doctor,4.0,Average,2.0,Cat_7,B
460247,Female,No,26,No,Doctor,9.0,Low,,Cat_6,B
466268,Female,Yes,67,Yes,Artist,0.0,Average,3.0,Cat_4,A
466419,Female,Yes,49,Yes,Entertainment,2.0,Average,5.0,Cat_3,A
459320,Male,Yes,26,Yes,Executive,0.0,Low,3.0,Cat_6,D
464566,Male,Yes,40,Yes,Executive,0.0,High,4.0,Cat_6,A
465645,Female,No,40,Yes,Artist,8.0,Low,2.0,Cat_6,A
467570,Male,No,18,No,Healthcare,14.0,Low,,Cat_6,A
461251,Female,No,47,Yes,Marketing,1.0,Low,,Cat_6,C
461655,Female,Yes,39,Yes,Homemaker,9.0,Average,2.0,Cat_6,D
461747,Male,Yes,65,Yes,Artist,0.0,High,2.0,Cat_6,A
465399,Male,No,36,Yes,Entertainment,0.0,Low,1.0,Cat_4,B
463149,Male,Yes,57,Yes,Artist,2.0,Average,2.0,Cat_6,A
459181,Male,Yes,62,No,Artist,1.0,High,3.0,Cat_6,A
463356,Male,No,30,Yes,Healthcare,6.0,Low,4.0,Cat_2,D
461837,Male,Yes,37,Yes,Artist,0.0,Low,2.0,Cat_6,C
467260,Male,No,25,No,Doctor,8.0,Low,4.0,Cat_6,A
459512,Male,Yes,67,Yes,Lawyer,1.0,High,2.0,Cat_6,A
463201,Female,No,19,No,Healthcare,1.0,Low,2.0,Cat_4,D
459686,Male,Yes,46,Yes,Artist,1.0,Low,1.0,Cat_6,A
460192,Male,Yes,35,Yes,,1.0,Low,2.0,Cat_7,A
465197,Female,Yes,60,Yes,Artist,1.0,High,4.0,Cat_6,C
466550,Female,,22,No,Healthcare,1.0,Low,4.0,Cat_6,D
467596,Male,Yes,42,No,Artist,1.0,Low,5.0,Cat_3,C
466765,Female,Yes,67,Yes,Lawyer,1.0,Low,2.0,Cat_6,D
467063,Male,Yes,45,Yes,Entertainment,1.0,Average,2.0,Cat_6,A
459014,Male,No,19,No,Healthcare,0.0,Low,4.0,Cat_6,B
465621,Male,No,36,Yes,Doctor,9.0,Low,1.0,Cat_6,D
465249,Female,No,23,No,Healthcare,0.0,Low,4.0,Cat_6,B
461309,Female,No,22,No,Healthcare,0.0,Low,4.0,Cat_6,D
459804,Male,Yes,46,No,Artist,4.0,High,4.0,Cat_6,C
464506,Male,No,29,Yes,Healthcare,9.0,Low,2.0,Cat_4,B
460270,Male,No,35,Yes,Doctor,8.0,Low,1.0,Cat_6,A
464364,Male,Yes,39,Yes,Artist,7.0,Average,2.0,Cat_6,C
462090,Female,No,38,Yes,Artist,8.0,Low,1.0,Cat_6,C
465941,Male,Yes,27,Yes,Healthcare,0.0,Low,2.0,Cat_6,D
467930,Male,Yes,45,Yes,Entertainment,4.0,Average,2.0,Cat_6,C
463096,Female,No,28,Yes,Doctor,,Low,3.0,Cat_6,A
465627,Female,No,40,Yes,Healthcare,1.0,Low,1.0,Cat_6,B
461428,Male,No,46,Yes,Artist,0.0,Low,1.0,Cat_6,B
459118,Male,No,19,No,Healthcare,,Low,8.0,Cat_6,A
461899,Female,No,18,No,Doctor,0.0,Low,6.0,Cat_6,A
460733,Male,No,53,Yes,Marketing,2.0,Low,4.0,Cat_6,C
467247,Female,No,27,No,Engineer,0.0,Low,2.0,Cat_6,A
463603,Female,No,18,No,Entertainment,0.0,Low,4.0,Cat_2,A
462824,Male,Yes,42,No,Engineer,1.0,Average,3.0,Cat_4,D
462428,Male,Yes,65,Yes,Entertainment,2.0,Average,3.0,Cat_6,C
460190,Female,No,28,Yes,Entertainment,9.0,Low,3.0,Cat_6,D
461197,Male,No,26,No,Marketing,1.0,Low,1.0,Cat_3,A
460157,Male,Yes,61,No,,1.0,Low,5.0,Cat_4,D
462218,Male,Yes,50,No,Executive,1.0,Average,5.0,Cat_4,D
463529,Male,No,42,Yes,Marketing,,Low,1.0,Cat_6,C
462447,Male,No,22,No,Healthcare,9.0,Low,4.0,Cat_6,D
460505,Female,No,26,Yes,Engineer,1.0,Low,3.0,Cat_3,D
463689,Female,Yes,41,Yes,Doctor,1.0,Low,,Cat_6,B
466814,Male,No,23,No,Healthcare,0.0,Low,3.0,Cat_6,D
464212,Female,Yes,58,Yes,Marketing,0.0,Average,2.0,Cat_6,A
463181,Male,Yes,49,Yes,Doctor,5.0,Average,3.0,Cat_5,D
464232,Male,Yes,28,No,Doctor,1.0,Low,5.0,Cat_6,D
466749,Male,No,22,,Healthcare,1.0,Low,5.0,Cat_3,D
463166,Female,No,41,Yes,Artist,1.0,Low,1.0,Cat_4,D
464790,Female,No,35,Yes,Artist,,Low,1.0,Cat_4,D
463171,Female,Yes,39,No,Entertainment,1.0,High,3.0,Cat_3,A
467352,Male,Yes,45,Yes,Executive,0.0,High,4.0,Cat_6,A
459224,Female,Yes,49,Yes,Artist,0.0,Average,2.0,Cat_6,D
462920,Male,Yes,51,No,Executive,0.0,High,5.0,Cat_6,C
461708,Male,Yes,82,No,Lawyer,0.0,High,2.0,Cat_6,A
465306,Male,Yes,71,No,Executive,1.0,Average,4.0,Cat_2,D
466955,Male,Yes,61,No,Entertainment,1.0,Low,4.0,Cat_3,B
459403,Male,Yes,48,Yes,Artist,,Average,4.0,Cat_7,B
462810,Male,Yes,37,No,Executive,9.0,High,4.0,Cat_6,D
462114,Male,No,21,No,Healthcare,1.0,Low,4.0,Cat_6,D
462102,Female,No,39,Yes,Doctor,4.0,Low,1.0,Cat_6,A
461737,Female,Yes,51,Yes,Doctor,0.0,Average,6.0,Cat_4,C
464167,Male,Yes,51,Yes,Executive,4.0,High,3.0,Cat_6,B
463075,Male,Yes,52,Yes,Artist,0.0,Low,4.0,Cat_6,B
460619,Male,No,48,Yes,Entertainment,,Low,,Cat_3,A
467882,Female,No,39,Yes,Artist,1.0,Low,1.0,Cat_6,D
465788,Male,No,22,No,Healthcare,1.0,Low,6.0,Cat_4,D
465658,Male,Yes,72,Yes,Artist,1.0,Average,4.0,Cat_6,A
463639,Male,No,33,No,Healthcare,0.0,Low,6.0,Cat_6,A
461996,Female,No,35,No,Artist,7.0,Low,4.0,Cat_6,A
461752,Male,Yes,65,Yes,Doctor,1.0,Average,3.0,Cat_6,C
467892,Male,No,23,No,Doctor,1.0,Low,5.0,Cat_6,D
464728,Male,Yes,51,No,Entertainment,0.0,High,4.0,Cat_4,C
467802,Female,Yes,48,Yes,Artist,1.0,High,5.0,Cat_6,A
466634,Male,No,20,No,Healthcare,1.0,Low,5.0,Cat_6,A
467147,Male,No,46,Yes,Entertainment,1.0,Low,1.0,Cat_6,A
461145,Female,Yes,36,Yes,Entertainment,1.0,Low,2.0,Cat_3,A
459503,Male,Yes,42,Yes,Healthcare,6.0,High,4.0,Cat_6,D
459116,Male,Yes,60,Yes,Artist,2.0,Average,5.0,Cat_6,C
467576,Male,Yes,48,Yes,Doctor,1.0,Average,3.0,Cat_6,B
461322,Male,Yes,42,Yes,Artist,0.0,Average,2.0,Cat_6,A
459270,Male,Yes,69,Yes,Homemaker,1.0,High,2.0,Cat_6,B
463039,Male,Yes,38,No,Executive,12.0,High,7.0,Cat_6,A
467715,Male,Yes,45,Yes,Executive,4.0,High,3.0,Cat_6,A
465203,Male,No,29,Yes,Healthcare,3.0,Low,3.0,Cat_6,D
462854,Male,No,22,No,Healthcare,1.0,Low,3.0,Cat_6,D
463427,Female,Yes,27,Yes,Engineer,1.0,Low,2.0,Cat_6,D
459658,Male,Yes,61,Yes,Artist,1.0,Average,3.0,Cat_6,C
460634,Female,No,40,No,Entertainment,,Low,6.0,Cat_3,A
464712,Male,Yes,49,No,Artist,1.0,Low,5.0,Cat_4,A
460605,Male,Yes,27,Yes,Doctor,8.0,Average,2.0,Cat_4,A
466389,Female,Yes,45,Yes,Engineer,1.0,Average,2.0,Cat_6,D
465333,Female,Yes,37,Yes,Artist,4.0,Low,2.0,Cat_7,C
463654,Female,No,41,No,Engineer,3.0,Low,3.0,Cat_3,B
464112,Male,No,32,Yes,Doctor,1.0,Low,2.0,Cat_6,B
467268,Male,Yes,85,Yes,Lawyer,,Low,1.0,Cat_6,B
466092,Male,Yes,73,Yes,Artist,0.0,Average,4.0,Cat_6,C
464183,Female,No,42,No,Artist,2.0,Low,2.0,Cat_6,A
463085,Female,No,43,Yes,Artist,0.0,Low,1.0,Cat_6,C
463753,Female,No,30,Yes,Healthcare,1.0,Low,5.0,Cat_2,A
467008,Male,Yes,57,Yes,Artist,1.0,Average,3.0,Cat_6,A
464701,Male,No,31,No,Doctor,1.0,Low,2.0,Cat_4,A
463012,Male,Yes,52,No,Engineer,,Low,1.0,Cat_6,C
464195,Male,No,30,Yes,Artist,1.0,Low,1.0,Cat_6,A
462188,Female,Yes,48,No,Engineer,0.0,Average,4.0,Cat_4,C
461465,Male,Yes,31,Yes,Artist,8.0,Average,2.0,Cat_6,D
459718,Male,Yes,68,Yes,Executive,1.0,Low,1.0,Cat_6,B
461388,Male,No,20,No,Healthcare,,Low,5.0,Cat_2,B
467948,Female,No,19,No,Healthcare,0.0,Low,3.0,Cat_6,A
462858,Female,No,32,Yes,Engineer,9.0,Low,4.0,Cat_6,A
466688,Male,No,22,No,Healthcare,0.0,Low,3.0,Cat_4,D
463051,Female,No,35,Yes,Homemaker,12.0,Low,1.0,Cat_6,C
462538,Female,Yes,73,Yes,Lawyer,1.0,High,2.0,Cat_6,C
462529,Female,Yes,42,Yes,Engineer,1.0,Low,2.0,Cat_6,C
462894,Male,Yes,39,Yes,Artist,4.0,Average,4.0,Cat_3,A
464023,Male,No,20,No,Healthcare,1.0,Low,5.0,Cat_7,D
466380,Male,Yes,35,Yes,Entertainment,7.0,Low,2.0,Cat_6,D
461963,Female,No,40,Yes,Artist,9.0,Low,1.0,Cat_6,D
459420,Female,Yes,70,Yes,Lawyer,1.0,Low,2.0,Cat_6,C
467813,Male,Yes,36,Yes,Entertainment,1.0,Low,2.0,Cat_4,B
461824,Male,Yes,45,Yes,Marketing,9.0,Low,3.0,Cat_6,A
461335,Male,Yes,53,No,Executive,8.0,High,2.0,Cat_6,D
467511,Male,Yes,63,Yes,Entertainment,,Low,1.0,Cat_6,A
459827,Female,No,26,No,,,Low,1.0,Cat_7,A
459220,Female,Yes,80,Yes,Lawyer,1.0,High,2.0,Cat_6,D
460284,Female,No,29,Yes,Entertainment,9.0,Low,2.0,Cat_6,A
466586,Male,No,18,No,Healthcare,0.0,Low,2.0,Cat_6,C
467410,Female,Yes,55,Yes,Lawyer,1.0,Low,2.0,Cat_6,B
460287,Male,Yes,48,Yes,Artist,1.0,Low,1.0,Cat_6,B
463572,Male,Yes,39,Yes,Artist,0.0,Average,4.0,Cat_6,D
466429,Male,Yes,42,No,Healthcare,0.0,Low,2.0,Cat_3,D
465484,Female,Yes,63,Yes,Artist,0.0,Low,2.0,Cat_6,A
460935,Male,Yes,87,Yes,Lawyer,0.0,Low,1.0,Cat_6,D
466201,Male,Yes,40,Yes,Doctor,1.0,Average,5.0,Cat_4,D
463330,Male,No,20,No,Healthcare,0.0,Low,4.0,Cat_6,A
465189,Female,Yes,83,Yes,Lawyer,1.0,High,2.0,Cat_6,C
461914,Female,Yes,60,Yes,Artist,7.0,Low,,Cat_6,A
464211,Male,Yes,48,Yes,Doctor,1.0,Average,3.0,Cat_2,C
459106,Male,Yes,62,Yes,Artist,0.0,Low,2.0,Cat_6,A
466527,Female,Yes,49,No,Marketing,0.0,Low,1.0,Cat_5,D
466301,Male,Yes,52,Yes,Artist,1.0,Average,3.0,Cat_2,C
466628,Male,No,33,No,Healthcare,8.0,Low,4.0,,D
462246,Female,Yes,79,No,Lawyer,1.0,High,2.0,Cat_6,A
464297,Male,No,29,No,Artist,8.0,Low,5.0,Cat_5,D
462739,Male,Yes,46,Yes,Artist,1.0,Low,2.0,Cat_6,C
465461,Male,Yes,69,No,Entertainment,1.0,Average,3.0,Cat_6,D
461220,Female,No,29,No,Executive,8.0,Low,3.0,Cat_6,C
461377,Female,Yes,63,Yes,Artist,,Low,1.0,Cat_6,B
460341,Female,No,32,No,Entertainment,13.0,Low,5.0,Cat_7,B
464099,Female,Yes,42,Yes,Artist,5.0,Average,2.0,Cat_4,A
464608,Female,Yes,53,Yes,Artist,1.0,Average,3.0,Cat_6,B
461744,Male,Yes,53,Yes,Artist,0.0,Average,4.0,Cat_6,B
461016,Male,No,25,No,Healthcare,5.0,Low,5.0,Cat_3,A
459354,Female,Yes,50,Yes,Artist,,High,3.0,Cat_6,B
460354,Female,No,37,Yes,Artist,3.0,Low,1.0,Cat_3,B
464544,Female,Yes,43,Yes,Entertainment,5.0,Average,3.0,Cat_6,C
467806,Male,Yes,55,Yes,Artist,1.0,High,2.0,Cat_6,C
459266,Male,No,32,Yes,Healthcare,6.0,Low,5.0,Cat_6,D
466115,Male,Yes,39,No,Executive,0.0,Low,2.0,Cat_6,B
461469,Male,Yes,37,Yes,Artist,0.0,Low,2.0,Cat_6,A
464555,Male,Yes,32,Yes,Marketing,13.0,High,4.0,Cat_4,A
459016,Female,No,22,No,Healthcare,0.0,Low,6.0,Cat_6,D
459911,Male,No,18,No,Healthcare,4.0,Low,6.0,Cat_2,D
462541,Male,Yes,66,Yes,Engineer,3.0,High,2.0,Cat_6,D
462986,Male,No,26,Yes,Healthcare,1.0,Low,6.0,Cat_3,B
463818,Female,Yes,38,Yes,Artist,4.0,Low,1.0,Cat_6,B
467419,Female,Yes,39,Yes,Artist,2.0,Low,1.0,Cat_6,A
467415,Female,No,29,Yes,Healthcare,0.0,Low,1.0,Cat_6,D
467138,Female,No,32,No,Homemaker,12.0,Low,1.0,Cat_6,A
464287,Male,Yes,42,Yes,Artist,,Average,3.0,Cat_2,A
466705,Male,Yes,66,No,Lawyer,0.0,Low,3.0,Cat_6,A
464746,Male,Yes,29,No,Executive,3.0,Average,5.0,Cat_4,D
461832,Male,No,29,Yes,Healthcare,,Low,3.0,Cat_6,A
466501,Male,Yes,48,Yes,Engineer,0.0,Average,3.0,Cat_3,B
461999,Male,No,27,Yes,Doctor,0.0,Low,5.0,Cat_6,B
460588,Male,No,18,No,Healthcare,0.0,Low,4.0,Cat_3,D
465082,Male,Yes,65,Yes,Lawyer,1.0,Low,1.0,Cat_3,D
460101,Female,No,26,Yes,Healthcare,8.0,Low,3.0,Cat_3,D
460645,Female,No,37,No,Doctor,1.0,Low,2.0,Cat_3,B
463509,Male,No,38,No,Artist,1.0,Low,1.0,Cat_3,C
462382,Male,Yes,71,Yes,Lawyer,0.0,High,2.0,Cat_6,B
467438,Male,No,27,No,Entertainment,5.0,Low,3.0,Cat_6,D
465079,Male,Yes,80,Yes,Lawyer,1.0,Low,1.0,Cat_6,D
465092,Male,Yes,72,Yes,Executive,1.0,High,2.0,Cat_6,D
466082,Female,Yes,89,Yes,Lawyer,1.0,Low,1.0,Cat_6,A
460147,Male,Yes,73,Yes,Entertainment,1.0,Average,3.0,Cat_6,D
467540,Male,Yes,48,Yes,Healthcare,1.0,Average,4.0,Cat_6,A
463378,Male,No,25,Yes,Doctor,0.0,Low,1.0,Cat_3,A
464570,Male,Yes,25,Yes,Doctor,1.0,Average,2.0,Cat_6,C
460789,Male,Yes,42,Yes,Executive,0.0,Low,3.0,Cat_6,D
463102,Male,No,35,No,Entertainment,0.0,Low,2.0,Cat_6,A
467050,Female,No,18,No,Engineer,1.0,Low,5.0,Cat_2,D
462200,Female,Yes,49,Yes,Doctor,0.0,Low,3.0,Cat_4,A
465038,Male,Yes,49,No,Executive,0.0,High,4.0,Cat_6,B
466297,Female,No,19,No,Healthcare,1.0,Low,4.0,Cat_4,A
462355,Male,Yes,61,No,Entertainment,0.0,Low,,Cat_6,D
462626,Female,No,31,Yes,Engineer,0.0,Low,6.0,Cat_4,A
467009,Female,No,33,No,Homemaker,2.0,Low,4.0,Cat_3,D
462304,Male,Yes,56,Yes,Artist,1.0,Low,4.0,Cat_4,C
464711,Female,Yes,38,Yes,Artist,5.0,Average,3.0,Cat_1,D
459447,Male,Yes,53,Yes,Artist,9.0,Low,1.0,Cat_6,C
460882,Male,No,21,No,Healthcare,0.0,Low,2.0,Cat_3,D
463948,Male,Yes,38,No,Executive,3.0,High,5.0,Cat_6,A
461292,Female,Yes,89,No,Lawyer,,High,2.0,Cat_3,C
463062,Female,Yes,39,Yes,Artist,,Average,3.0,Cat_6,D
462007,Female,Yes,42,Yes,Artist,1.0,Average,2.0,Cat_6,D
460563,Female,No,40,No,Healthcare,1.0,Low,2.0,Cat_1,A
460828,Male,No,48,No,Entertainment,1.0,Low,1.0,Cat_6,C
462814,Female,Yes,20,No,Engineer,8.0,Average,2.0,Cat_5,A
462735,Female,Yes,25,No,Artist,1.0,Average,2.0,Cat_1,D
460638,Female,No,26,Yes,Artist,0.0,Low,4.0,Cat_3,D
461060,Male,Yes,56,Yes,Executive,0.0,High,5.0,Cat_6,C
466731,Female,Yes,40,Yes,Engineer,3.0,Low,2.0,Cat_4,D
464683,Male,Yes,53,No,Engineer,0.0,Average,6.0,Cat_4,A
462368,Female,Yes,31,Yes,Artist,1.0,Average,2.0,Cat_6,A
465584,Male,Yes,47,No,Entertainment,3.0,Average,2.0,Cat_6,A
462841,Male,No,21,No,Healthcare,9.0,Low,6.0,Cat_6,A
467423,Male,Yes,56,Yes,Artist,0.0,Low,1.0,Cat_6,B
459360,Female,No,29,Yes,Healthcare,,Low,3.0,Cat_6,A
461432,Female,Yes,41,Yes,Artist,1.0,Average,2.0,Cat_6,D
467309,Female,No,36,Yes,Engineer,4.0,Low,1.0,Cat_7,A
465706,Female,Yes,45,Yes,Artist,0.0,Average,3.0,Cat_6,A
462596,Female,No,31,No,Healthcare,0.0,Low,,Cat_4,C
465160,Male,Yes,61,Yes,Executive,0.0,High,3.0,Cat_6,D
461760,Male,Yes,84,Yes,Artist,0.0,High,2.0,Cat_6,D
459363,Male,No,46,Yes,Artist,2.0,Low,1.0,Cat_6,C
461162,Female,No,37,No,Marketing,8.0,Low,3.0,Cat_3,A
467202,Male,Yes,18,No,Doctor,0.0,Low,4.0,Cat_6,D
467092,Female,No,33,Yes,Healthcare,5.0,Low,4.0,Cat_6,C
467772,Female,No,31,No,Marketing,0.0,Low,2.0,Cat_6,D
461071,Male,Yes,42,No,Engineer,1.0,Average,5.0,Cat_3,A
460185,Male,No,32,No,Healthcare,9.0,Low,3.0,Cat_6,D
459853,Male,No,33,No,Executive,7.0,Low,5.0,Cat_6,D
459132,Male,No,23,No,Entertainment,6.0,Low,2.0,Cat_6,B
462286,Male,Yes,57,No,Doctor,0.0,Average,2.0,Cat_6,C
461929,Male,Yes,60,Yes,Entertainment,1.0,Low,1.0,Cat_6,C
461548,Female,No,33,Yes,Engineer,0.0,Low,3.0,Cat_6,A
463088,Female,Yes,84,Yes,Lawyer,1.0,High,2.0,Cat_6,A
462752,Female,No,25,No,Healthcare,,Low,1.0,Cat_6,A
459001,Female,No,19,No,Marketing,,Low,4.0,Cat_6,A
464425,Male,No,41,Yes,Artist,9.0,Low,1.0,Cat_6,B
462584,Female,Yes,39,No,Entertainment,0.0,Low,4.0,Cat_4,A
461784,Female,Yes,74,Yes,Lawyer,1.0,Low,1.0,Cat_6,B
461233,Male,Yes,38,Yes,Entertainment,,Low,,Cat_3,C
464832,Male,Yes,71,No,Lawyer,1.0,Low,,Cat_4,C
466467,Female,Yes,37,Yes,Artist,0.0,Average,3.0,Cat_3,A
462834,Male,Yes,31,Yes,Homemaker,2.0,Low,2.0,Cat_1,B
460866,Male,No,26,Yes,Doctor,0.0,Low,9.0,Cat_4,B
459144,Male,Yes,80,Yes,Lawyer,,High,2.0,Cat_6,B
461845,Female,Yes,48,Yes,Doctor,1.0,Average,4.0,Cat_6,D
465736,Female,No,38,Yes,Artist,8.0,Low,2.0,Cat_3,B
465196,Female,No,31,Yes,Artist,2.0,Low,2.0,Cat_4,D
461775,Female,Yes,82,No,Lawyer,0.0,High,2.0,Cat_6,A
462727,Female,Yes,87,No,Lawyer,0.0,High,2.0,Cat_6,C
462891,Male,No,29,No,Healthcare,0.0,Low,3.0,Cat_6,A
465492,Male,Yes,59,No,Entertainment,1.0,Low,1.0,Cat_2,D
462231,Male,No,27,Yes,Artist,4.0,Low,6.0,Cat_4,A
460303,Female,No,38,Yes,Artist,2.0,Low,1.0,,A
459045,Female,Yes,88,Yes,Lawyer,1.0,Average,4.0,Cat_6,C
461241,Male,Yes,31,Yes,Healthcare,7.0,Low,2.0,Cat_6,A
459100,Female,No,61,Yes,Artist,11.0,Low,1.0,Cat_6,C
467488,Female,Yes,39,Yes,Entertainment,,Average,2.0,Cat_2,B
460678,Female,No,32,No,Doctor,6.0,Low,2.0,Cat_3,A
462083,Male,No,22,No,Healthcare,0.0,Low,5.0,Cat_6,A
465264,Male,Yes,80,No,Executive,0.0,Low,1.0,Cat_6,D
465445,Female,No,29,Yes,Homemaker,5.0,Low,7.0,Cat_6,A
460727,Male,Yes,73,No,Executive,1.0,High,4.0,Cat_3,B
464806,Male,Yes,33,No,Executive,0.0,Low,2.0,Cat_4,D
467769,Female,No,36,Yes,Doctor,1.0,Low,1.0,Cat_3,A
459760,Female,Yes,38,Yes,Artist,8.0,Low,1.0,Cat_6,A
461612,Female,No,31,Yes,Healthcare,8.0,Low,5.0,Cat_6,D
463728,Female,Yes,28,No,Doctor,0.0,Average,6.0,Cat_6,A
459449,Male,Yes,37,Yes,Artist,,Low,2.0,Cat_6,A
464739,Male,Yes,67,Yes,Artist,0.0,Low,1.0,Cat_4,C
461041,Female,Yes,65,No,Lawyer,1.0,High,7.0,Cat_3,A
467610,Female,Yes,77,Yes,Lawyer,4.0,Low,1.0,Cat_6,A
463503,Male,Yes,25,Yes,Entertainment,0.0,Low,2.0,Cat_7,D
460855,Male,Yes,50,Yes,Artist,,Low,2.0,Cat_6,A
464973,Male,No,87,,Lawyer,1.0,Low,2.0,Cat_4,A
465181,Female,No,25,Yes,Healthcare,8.0,Low,1.0,Cat_4,D
466058,Male,Yes,35,No,Entertainment,1.0,Low,,Cat_4,D
459386,Male,Yes,65,No,Lawyer,1.0,High,2.0,Cat_6,C
467911,Male,Yes,58,Yes,Healthcare,0.0,Low,4.0,Cat_6,B
465828,Female,No,33,No,Entertainment,8.0,Low,4.0,Cat_4,C
462257,Female,Yes,78,Yes,Lawyer,,High,2.0,Cat_6,A
467901,Female,No,28,Yes,Entertainment,0.0,Low,4.0,Cat_6,A
459571,Female,Yes,50,Yes,Executive,1.0,High,4.0,Cat_6,C
462807,Female,No,28,Yes,Homemaker,,Low,1.0,Cat_6,C
462290,Female,No,30,Yes,Doctor,0.0,Low,1.0,Cat_6,B
461277,Male,Yes,84,Yes,Lawyer,5.0,Low,1.0,Cat_6,D
460981,Female,Yes,41,No,Marketing,1.0,Average,2.0,Cat_6,D
459535,Male,Yes,46,Yes,Artist,8.0,Average,2.0,Cat_6,C
459975,Female,No,36,Yes,Artist,5.0,Low,1.0,Cat_6,A
467856,Male,Yes,58,Yes,Artist,0.0,Low,2.0,Cat_6,C
462525,Female,Yes,42,Yes,Artist,1.0,Average,2.0,Cat_6,D
467463,Female,Yes,42,Yes,Artist,9.0,Average,3.0,Cat_6,A
467612,Male,Yes,70,Yes,Executive,0.0,Low,,Cat_7,D
462545,Male,No,33,No,Engineer,0.0,Low,3.0,Cat_4,B
466493,Male,Yes,77,No,Lawyer,1.0,High,2.0,Cat_6,C
463154,Female,Yes,27,No,Artist,0.0,Low,4.0,Cat_6,C
459036,Female,Yes,20,Yes,Lawyer,1.0,Average,3.0,Cat_3,D
467917,Female,No,27,Yes,Healthcare,2.0,Low,4.0,Cat_1,A
460769,Female,Yes,83,No,Lawyer,1.0,High,2.0,Cat_6,A
461168,Female,Yes,26,No,Engineer,7.0,Average,2.0,Cat_3,B
467125,Male,Yes,51,No,Entertainment,1.0,Average,4.0,Cat_3,D
467216,Female,No,30,Yes,Entertainment,0.0,Low,1.0,Cat_6,D
464059,Male,Yes,59,Yes,Artist,0.0,Low,1.0,Cat_6,D
462203,Male,Yes,65,No,Executive,2.0,High,7.0,Cat_4,A
466970,Female,Yes,36,Yes,Homemaker,9.0,Low,2.0,Cat_4,C
461661,Female,Yes,40,Yes,Artist,5.0,Average,2.0,Cat_2,B
459692,Female,Yes,72,Yes,Lawyer,8.0,High,2.0,Cat_6,A
466088,Female,No,30,No,Healthcare,0.0,Low,7.0,Cat_6,B
465122,Female,Yes,41,Yes,Artist,3.0,Average,2.0,Cat_6,A
467880,Female,Yes,50,Yes,Artist,0.0,Average,2.0,Cat_6,D
466769,Female,No,29,Yes,Entertainment,1.0,Low,4.0,Cat_6,A
466128,Male,No,40,Yes,Artist,3.0,Low,2.0,Cat_6,B
464765,Female,Yes,48,No,Engineer,5.0,Average,6.0,Cat_4,D
462485,Female,Yes,39,No,Engineer,0.0,Low,2.0,Cat_6,A
460504,Male,,39,No,Executive,,Average,3.0,Cat_3,A
462196,Male,Yes,57,No,Marketing,1.0,Average,3.0,Cat_4,B
467905,Male,Yes,37,Yes,Executive,0.0,High,3.0,Cat_6,B
461093,Female,Yes,38,Yes,Artist,1.0,Average,4.0,Cat_3,C
467345,Male,Yes,86,Yes,Lawyer,0.0,Low,1.0,Cat_6,A
463086,Male,No,30,Yes,Artist,8.0,Low,,Cat_5,C
462866,Male,Yes,61,Yes,Doctor,1.0,Low,1.0,Cat_6,D
463748,Male,No,20,No,Healthcare,1.0,Low,3.0,Cat_6,A
467144,Male,Yes,38,Yes,Entertainment,1.0,Low,2.0,Cat_6,B
464139,Female,No,25,No,Healthcare,14.0,Low,1.0,Cat_6,D
467735,Male,No,28,Yes,Doctor,0.0,Low,2.0,Cat_6,D
463338,Male,Yes,28,No,Entertainment,0.0,Low,2.0,Cat_3,B
467592,Male,Yes,40,Yes,Entertainment,7.0,Low,2.0,Cat_6,B
464468,Male,Yes,46,Yes,Artist,1.0,Low,3.0,Cat_6,B
459464,Male,No,27,Yes,Artist,,Low,2.0,Cat_6,A
464804,Male,Yes,26,No,Entertainment,1.0,Low,1.0,Cat_4,A
462198,Female,No,39,No,Engineer,4.0,Low,,Cat_3,B
467727,Male,Yes,53,Yes,Artist,7.0,High,4.0,Cat_3,C
461930,Female,No,42,Yes,Artist,0.0,Low,1.0,Cat_4,B
465541,Female,Yes,50,Yes,Artist,1.0,Average,4.0,Cat_7,D
465428,Female,No,38,Yes,Engineer,1.0,Low,1.0,Cat_4,C
466478,Female,Yes,48,Yes,Artist,0.0,Average,4.0,Cat_3,D
459296,Male,Yes,70,Yes,Artist,0.0,Average,2.0,Cat_6,B
467482,Male,Yes,42,Yes,Executive,1.0,High,3.0,Cat_6,D
459795,Male,No,48,Yes,Artist,1.0,Low,1.0,Cat_6,B
459318,Female,No,32,Yes,Engineer,1.0,Low,3.0,Cat_6,D
463828,Male,Yes,37,No,Engineer,0.0,Average,2.0,Cat_1,C
463825,Female,Yes,52,Yes,Artist,0.0,Average,3.0,,A
464607,Female,Yes,47,Yes,Artist,1.0,Average,4.0,Cat_2,C
460901,Male,No,20,No,Doctor,8.0,Low,3.0,Cat_6,A
461043,Male,Yes,50,No,Healthcare,1.0,Low,7.0,Cat_4,B
464772,Female,Yes,39,No,Engineer,8.0,Average,4.0,Cat_4,D
466161,Male,Yes,47,No,Artist,1.0,Average,,Cat_6,D
466474,Male,No,31,Yes,Entertainment,5.0,Low,3.0,Cat_6,A
460315,Female,No,35,No,Doctor,14.0,Low,6.0,Cat_7,A
462853,Male,No,21,No,Healthcare,0.0,Low,2.0,Cat_6,B
466704,Male,Yes,48,Yes,Doctor,3.0,Average,2.0,Cat_6,D
464726,Male,Yes,28,Yes,Executive,14.0,High,9.0,Cat_4,D
466019,Female,Yes,63,Yes,Artist,5.0,Low,1.0,Cat_3,C
467518,Male,No,22,No,Doctor,1.0,Low,,Cat_6,D
460447,Male,,89,No,Lawyer,0.0,Low,1.0,Cat_3,D
466833,Male,Yes,57,Yes,Artist,5.0,Low,2.0,Cat_6,C
463437,Male,Yes,51,Yes,Artist,0.0,Average,3.0,Cat_6,C
465982,Male,Yes,43,Yes,Entertainment,0.0,Average,4.0,Cat_6,C
461937,Female,No,42,Yes,Doctor,0.0,Low,,Cat_6,B
467808,Female,Yes,62,Yes,Artist,1.0,Average,2.0,Cat_6,B
461037,Male,Yes,40,Yes,Healthcare,,High,5.0,Cat_3,C
467189,Female,Yes,45,Yes,Artist,1.0,High,4.0,Cat_6,A
467378,Female,Yes,63,Yes,Artist,0.0,Average,2.0,Cat_6,D
465095,Male,Yes,47,Yes,Executive,1.0,High,4.0,Cat_6,C
459822,Female,No,39,Yes,Engineer,1.0,Low,1.0,Cat_4,D
464569,Male,No,29,No,Doctor,1.0,Low,5.0,Cat_6,D
463814,Female,No,28,No,Healthcare,7.0,Low,3.0,Cat_5,A
466468,Male,No,30,Yes,Doctor,4.0,Low,4.0,Cat_3,B
465695,Female,No,32,No,Healthcare,,Low,3.0,Cat_4,D
465134,Female,Yes,61,Yes,Entertainment,1.0,Average,5.0,Cat_6,B
461099,Female,No,38,No,Artist,1.0,Low,4.0,Cat_3,D
467160,Male,Yes,43,No,,1.0,Average,2.0,Cat_3,C
467492,Female,Yes,62,Yes,Doctor,1.0,Low,2.0,Cat_7,D
465663,Female,No,70,Yes,Artist,0.0,Low,2.0,Cat_6,A
460566,Male,Yes,38,Yes,Homemaker,,Average,2.0,Cat_3,B
465274,Male,No,36,Yes,Artist,0.0,Low,1.0,Cat_4,A
464886,Male,Yes,37,Yes,Engineer,1.0,Average,4.0,Cat_4,C
459423,Male,No,21,No,Healthcare,8.0,Low,5.0,Cat_6,A
464173,Male,Yes,65,Yes,Artist,6.0,Average,3.0,Cat_6,D
465751,Female,Yes,46,Yes,Artist,9.0,Low,2.0,Cat_6,A
463598,Female,Yes,25,No,Engineer,2.0,Low,2.0,Cat_6,A
467798,Female,No,23,No,,,Low,2.0,Cat_6,D
461169,Male,No,39,Yes,Entertainment,9.0,Low,2.0,Cat_3,B
465112,Female,Yes,86,No,Lawyer,0.0,High,2.0,Cat_6,D
459558,Male,No,28,Yes,Entertainment,1.0,Low,3.0,Cat_6,A
462827,Female,No,23,No,Doctor,0.0,Low,3.0,Cat_3,D
460988,Male,Yes,43,Yes,Entertainment,0.0,Average,3.0,Cat_4,B
466455,Female,Yes,32,Yes,Doctor,4.0,Low,2.0,Cat_6,D
465577,Male,No,30,No,Healthcare,0.0,Low,4.0,Cat_3,D
459587,Female,No,33,Yes,Artist,7.0,Low,3.0,Cat_6,A
466956,Female,Yes,61,Yes,Artist,1.0,Low,1.0,Cat_6,C
459953,Male,Yes,50,Yes,Artist,8.0,Low,2.0,Cat_6,D
461522,Male,Yes,76,No,Executive,1.0,High,2.0,Cat_6,A
460305,Female,,49,Yes,Entertainment,0.0,High,1.0,Cat_6,A
459375,Male,Yes,22,No,Executive,0.0,High,4.0,Cat_6,A
459597,Female,Yes,68,Yes,Artist,0.0,High,2.0,Cat_6,D
461780,Female,No,69,Yes,Lawyer,1.0,Low,5.0,Cat_6,D
466813,Male,Yes,61,Yes,Artist,0.0,Low,,Cat_6,A
463816,Male,Yes,46,Yes,Healthcare,2.0,High,4.0,Cat_7,B
464885,Female,No,38,No,Engineer,1.0,Low,2.0,Cat_4,C
464769,Female,,52,No,Engineer,9.0,Average,4.0,Cat_4,D
464812,Female,Yes,49,Yes,Engineer,1.0,High,5.0,Cat_4,D
467723,Male,Yes,74,No,Executive,1.0,Low,7.0,Cat_6,B
462850,Male,No,20,No,Healthcare,0.0,Low,4.0,Cat_6,D
464674,Male,Yes,51,No,Artist,0.0,Average,5.0,Cat_4,D
467322,Female,Yes,48,Yes,Artist,1.0,Average,2.0,Cat_1,C
464981,Male,Yes,49,Yes,Artist,0.0,Average,4.0,Cat_6,C
461846,Female,No,65,Yes,Artist,0.0,Low,2.0,Cat_2,C
464387,Female,No,26,Yes,Artist,9.0,Low,5.0,Cat_6,D
466746,Female,Yes,69,Yes,Lawyer,0.0,High,2.0,Cat_6,D
461111,Female,Yes,43,Yes,Doctor,8.0,Low,1.0,Cat_6,B
458994,Male,Yes,37,Yes,Healthcare,8.0,Average,4.0,Cat_6,A
466367,Female,No,39,Yes,Doctor,6.0,Low,1.0,Cat_2,C
461276,Male,Yes,68,Yes,Marketing,0.0,Low,2.0,Cat_7,B
464572,Female,Yes,52,Yes,Marketing,0.0,Low,1.0,Cat_6,A
463302,Female,Yes,60,Yes,Engineer,,High,4.0,Cat_6,B
467565,Male,Yes,60,Yes,Artist,0.0,Low,3.0,Cat_6,B
464115,Female,No,38,Yes,Engineer,0.0,Low,3.0,Cat_6,C
465310,Female,No,20,No,Healthcare,1.0,Low,6.0,Cat_4,D
462792,Male,Yes,45,No,Homemaker,,Average,4.0,Cat_6,C
467679,Female,Yes,49,Yes,Artist,,Average,4.0,Cat_2,C
464560,Male,No,41,Yes,Entertainment,9.0,Low,2.0,Cat_6,A
465797,Male,Yes,40,Yes,Artist,0.0,Average,2.0,Cat_2,C
461179,Female,Yes,25,No,Engineer,3.0,Low,3.0,Cat_3,D
461237,Male,No,33,Yes,Doctor,1.0,Low,5.0,Cat_2,A
463187,Female,Yes,52,Yes,Artist,8.0,Low,2.0,Cat_6,A
460050,Male,Yes,53,Yes,Entertainment,3.0,Low,2.0,Cat_6,A
461127,Male,No,20,No,Healthcare,1.0,Low,5.0,Cat_4,D
463800,Female,No,30,Yes,Engineer,1.0,Low,3.0,Cat_6,D
463981,Female,No,30,Yes,Artist,5.0,Low,1.0,,D
461313,Male,Yes,63,Yes,Artist,0.0,Average,,Cat_6,B
463267,Male,Yes,29,No,Homemaker,9.0,Low,1.0,Cat_4,A
465022,Female,Yes,71,Yes,Lawyer,0.0,High,2.0,Cat_6,C
462232,Male,Yes,55,No,Executive,0.0,High,8.0,Cat_4,B
463360,Female,Yes,46,Yes,Artist,2.0,Low,1.0,Cat_6,B
463707,Female,No,40,No,Artist,0.0,Low,1.0,Cat_5,A
463727,Female,No,28,No,Doctor,0.0,Low,5.0,Cat_3,A
466631,Male,Yes,58,Yes,Artist,0.0,Low,3.0,Cat_6,A
464033,Female,No,19,No,Healthcare,0.0,Low,4.0,Cat_6,B
465953,Female,No,51,Yes,Artist,1.0,Low,1.0,Cat_6,C
464152,Male,Yes,41,Yes,Artist,1.0,High,4.0,Cat_6,B
464677,Male,Yes,23,No,Healthcare,1.0,Low,5.0,Cat_4,B
463533,Female,Yes,85,Yes,Artist,1.0,High,2.0,Cat_2,D
467740,Male,No,19,No,Healthcare,0.0,Low,3.0,Cat_6,D
467825,Female,No,23,No,Marketing,0.0,Low,8.0,Cat_6,C
464594,Male,Yes,48,Yes,Artist,1.0,Low,1.0,Cat_2,D
462503,Male,Yes,51,Yes,Executive,1.0,High,4.0,Cat_6,C
461658,Female,Yes,59,Yes,Artist,1.0,Average,2.0,Cat_5,B
464433,Male,No,29,Yes,Artist,,Low,,Cat_2,A
465187,Female,Yes,39,No,Doctor,1.0,Average,4.0,Cat_4,C
464854,Female,Yes,42,No,Engineer,0.0,High,6.0,Cat_4,B
462966,Male,Yes,43,Yes,Artist,2.0,Average,3.0,Cat_6,A
462524,Female,Yes,35,Yes,Doctor,,Low,2.0,Cat_6,B
460734,Male,Yes,41,Yes,Entertainment,9.0,Average,,Cat_2,B
464707,Male,Yes,48,No,,0.0,Average,4.0,Cat_4,D
467657,Male,No,21,No,Healthcare,0.0,Low,4.0,Cat_3,D
464972,Male,Yes,73,No,Lawyer,1.0,High,9.0,Cat_4,C
465551,Female,Yes,46,Yes,Artist,,Average,2.0,Cat_3,C
459290,Female,Yes,70,Yes,Doctor,1.0,Average,2.0,Cat_6,C
462396,Male,Yes,53,Yes,Doctor,,Average,2.0,Cat_6,B
460838,Male,No,37,Yes,Artist,1.0,Low,,Cat_6,D
461874,Male,Yes,51,Yes,Doctor,1.0,Average,3.0,Cat_3,B
464004,Female,Yes,31,No,Marketing,1.0,Low,5.0,Cat_4,A
465417,Male,Yes,37,Yes,Entertainment,,Average,2.0,Cat_4,D
462452,Male,No,19,No,Healthcare,0.0,Low,,Cat_4,A
459612,Male,No,21,No,Healthcare,,Low,2.0,Cat_6,D
460276,Female,Yes,41,Yes,Artist,3.0,Low,2.0,Cat_6,A
461910,Male,Yes,31,Yes,Artist,,Average,2.0,Cat_2,D
460289,Female,Yes,61,Yes,Artist,4.0,Average,6.0,Cat_4,B
467623,Male,Yes,77,Yes,,0.0,High,2.0,Cat_6,C
462421,Male,No,48,Yes,Artist,1.0,Low,2.0,Cat_6,C
464007,Male,Yes,46,Yes,Artist,1.0,Low,3.0,Cat_6,A
462204,Female,No,22,No,Marketing,0.0,Low,3.0,Cat_4,D
464292,Male,Yes,58,Yes,Artist,0.0,Average,2.0,Cat_6,C
465467,Male,,29,No,Healthcare,1.0,Low,3.0,Cat_6,A
466315,Female,Yes,69,Yes,Engineer,1.0,Low,1.0,Cat_6,B
461681,Male,No,25,Yes,Healthcare,8.0,Low,3.0,Cat_7,D
464944,Female,Yes,43,Yes,Entertainment,0.0,Low,2.0,Cat_4,B
467393,Female,Yes,46,Yes,Artist,0.0,Average,4.0,Cat_6,A
460615,Female,No,28,Yes,Healthcare,,Low,,Cat_3,D
461574,Female,Yes,49,Yes,Artist,1.0,Average,3.0,Cat_6,B
465352,Male,Yes,59,Yes,Entertainment,1.0,Average,4.0,Cat_6,B
459592,Male,No,25,No,Healthcare,0.0,Low,3.0,Cat_6,D
466411,Male,Yes,55,Yes,Artist,1.0,Average,3.0,Cat_3,A
466136,Female,No,21,Yes,Artist,1.0,Low,2.0,Cat_6,A
466775,Female,Yes,76,Yes,Lawyer,0.0,Low,2.0,Cat_6,A
465119,Female,Yes,45,Yes,Artist,0.0,Average,5.0,Cat_6,B
460214,Female,Yes,45,Yes,Engineer,0.0,Average,2.0,Cat_6,C
466998,Female,Yes,57,No,Artist,,Average,3.0,Cat_6,C
460356,Male,No,19,No,Healthcare,0.0,Low,4.0,Cat_6,D
464780,Female,No,33,No,Engineer,1.0,Low,9.0,Cat_4,B
460275,Female,No,46,Yes,Artist,6.0,Low,1.0,Cat_6,B
464121,Female,Yes,63,Yes,Engineer,1.0,Low,1.0,Cat_6,D
462872,Female,Yes,53,No,Engineer,12.0,Low,2.0,Cat_3,C
464032,Male,No,21,No,Healthcare,1.0,Low,3.0,Cat_6,D
465907,Female,No,31,Yes,Marketing,8.0,Low,,Cat_1,D
462849,Male,Yes,47,Yes,Artist,0.0,Average,4.0,Cat_6,C
463586,Female,No,18,No,Healthcare,1.0,Low,5.0,Cat_6,A
459184,Male,Yes,43,Yes,Entertainment,0.0,Low,4.0,Cat_4,A
466042,Male,Yes,47,No,Entertainment,0.0,Low,2.0,Cat_6,B
462956,Male,Yes,35,No,Artist,6.0,Average,5.0,Cat_6,C
460582,Female,No,28,No,Entertainment,0.0,Low,1.0,Cat_3,D
460222,Female,,73,Yes,Lawyer,4.0,High,,Cat_6,A
466623,Male,Yes,58,,Entertainment,2.0,Average,4.0,Cat_3,D
461516,Male,Yes,31,Yes,Entertainment,1.0,Average,3.0,Cat_6,A
466732,Female,Yes,49,Yes,Engineer,0.0,High,2.0,Cat_4,D
461637,Male,Yes,50,Yes,Artist,0.0,Low,2.0,Cat_7,C
462580,Female,No,41,Yes,Artist,0.0,Low,1.0,Cat_4,A
461931,Female,No,18,No,Healthcare,6.0,Low,5.0,,D
460105,Female,No,47,Yes,Artist,0.0,Low,1.0,Cat_4,A
467025,Female,No,29,No,Engineer,1.0,Low,3.0,Cat_6,B
462384,Female,No,31,Yes,Healthcare,,Low,1.0,Cat_7,A
463248,Female,Yes,32,No,Homemaker,9.0,Average,4.0,Cat_2,C
460453,Female,No,42,Yes,Doctor,5.0,Low,1.0,Cat_6,B
461709,Male,No,28,Yes,Artist,1.0,Low,3.0,Cat_4,D
466920,Male,No,19,No,Healthcare,6.0,Low,4.0,Cat_3,A
462300,Male,Yes,49,Yes,Artist,1.0,Average,3.0,Cat_6,D
465734,Male,Yes,38,Yes,Artist,0.0,Low,3.0,Cat_1,A
459594,Female,Yes,41,Yes,Artist,6.0,Low,1.0,Cat_6,D
459466,Female,Yes,48,Yes,Artist,0.0,Average,3.0,Cat_4,A
464344,Female,Yes,56,Yes,Artist,0.0,Low,1.0,Cat_6,D
467375,Male,Yes,35,Yes,Entertainment,6.0,Low,3.0,Cat_6,D
461289,Male,No,21,No,Healthcare,1.0,Low,3.0,Cat_6,D
464048,Female,No,38,Yes,Homemaker,4.0,Low,1.0,Cat_6,B
462761,Male,No,19,No,Healthcare,2.0,Low,4.0,Cat_6,B
462397,Male,Yes,50,Yes,Artist,0.0,Average,4.0,Cat_6,C
464378,Female,Yes,36,Yes,Artist,8.0,Average,2.0,Cat_6,B
465653,Female,Yes,51,Yes,Artist,0.0,Low,2.0,Cat_6,D
466689,Male,No,28,Yes,Artist,9.0,Low,3.0,Cat_6,D
459093,Female,Yes,41,Yes,Doctor,9.0,Average,2.0,,D
461556,Female,Yes,48,Yes,Engineer,1.0,Average,2.0,Cat_6,B
467729,Male,Yes,62,Yes,Entertainment,2.0,Average,6.0,Cat_6,A
463980,Female,No,25,Yes,Artist,0.0,Low,9.0,Cat_6,B
463661,Female,Yes,45,Yes,Doctor,1.0,Average,4.0,Cat_6,A
466290,Female,No,18,No,Healthcare,5.0,Low,,Cat_4,D
463561,Female,No,42,Yes,Engineer,0.0,Low,1.0,Cat_6,C
465961,Female,No,40,Yes,Artist,3.0,Low,1.0,Cat_6,A
459747,Female,Yes,41,Yes,Artist,1.0,Average,5.0,Cat_6,C
466032,Male,,28,No,Entertainment,,Low,2.0,Cat_6,A
467112,Male,No,40,Yes,Artist,0.0,Low,2.0,Cat_2,D
460963,Female,No,27,Yes,Artist,1.0,Low,3.0,Cat_6,A
467338,Female,No,29,Yes,Healthcare,3.0,Low,6.0,Cat_6,D
463332,Female,Yes,40,Yes,Engineer,0.0,Low,2.0,Cat_6,A
466533,Female,No,53,Yes,Entertainment,1.0,Low,1.0,Cat_6,D
466078,Female,Yes,45,No,Executive,,Low,1.0,Cat_6,D
461121,Male,No,33,No,Doctor,0.0,Low,4.0,Cat_3,B
464144,Male,Yes,61,Yes,Artist,0.0,Average,4.0,Cat_6,B
463219,Male,Yes,51,No,Entertainment,0.0,Low,2.0,Cat_6,A
465477,Male,No,27,No,Healthcare,1.0,Low,3.0,Cat_2,A
460837,Female,No,25,Yes,Artist,1.0,Low,1.0,Cat_5,D
459567,Male,Yes,50,Yes,Doctor,0.0,Average,2.0,Cat_6,B
465148,Male,No,31,No,Artist,0.0,Low,,,A
462240,Male,Yes,80,No,Lawyer,0.0,High,2.0,Cat_6,A
465976,Male,No,40,Yes,Artist,0.0,Low,1.0,Cat_7,B
467734,Male,Yes,88,Yes,Lawyer,3.0,High,2.0,Cat_6,D
462600,Male,Yes,25,No,Engineer,4.0,Average,3.0,Cat_4,D
460522,Female,Yes,32,No,Homemaker,,Average,2.0,Cat_4,D
461457,Female,Yes,32,No,Doctor,0.0,Low,5.0,Cat_6,A
466832,Female,Yes,66,Yes,Artist,0.0,Average,2.0,Cat_4,D
459057,Male,Yes,69,No,Lawyer,,High,,Cat_6,D
460460,Male,Yes,26,No,Entertainment,2.0,Low,4.0,Cat_3,A
462968,Female,Yes,77,No,Lawyer,0.0,High,2.0,Cat_6,A
466951,Female,Yes,52,Yes,Artist,0.0,High,3.0,Cat_6,B
462197,Female,Yes,72,No,Engineer,1.0,Average,3.0,Cat_4,A
463080,Male,No,33,No,Artist,0.0,Low,4.0,Cat_5,B
467325,Female,Yes,73,Yes,Lawyer,1.0,High,2.0,Cat_6,A
464096,Female,No,27,No,Healthcare,1.0,Low,5.0,Cat_4,A
467183,Male,Yes,42,Yes,Entertainment,3.0,Average,4.0,Cat_6,A
461530,Male,Yes,38,Yes,Engineer,0.0,Low,2.0,Cat_6,D
464737,Female,Yes,57,No,Engineer,0.0,Average,6.0,Cat_4,C
459397,Male,Yes,55,Yes,Artist,4.0,Average,2.0,Cat_6,A
466285,Female,No,19,No,Healthcare,1.0,Low,5.0,Cat_2,D
463997,Female,Yes,37,No,Entertainment,0.0,Average,3.0,Cat_6,C
460090,Male,Yes,80,No,Lawyer,4.0,Average,2.0,Cat_6,B
463146,Male,Yes,43,No,Entertainment,11.0,Average,2.0,Cat_6,B
460489,Male,No,19,No,Healthcare,9.0,Low,6.0,Cat_3,D
466387,Male,Yes,37,Yes,Entertainment,8.0,Average,2.0,Cat_6,A
464577,Female,Yes,25,Yes,Healthcare,12.0,High,2.0,Cat_6,B
462643,Female,Yes,37,Yes,Engineer,,Average,3.0,Cat_4,B
462762,Male,Yes,46,Yes,Artist,0.0,High,4.0,Cat_6,D
463323,Male,Yes,27,Yes,Healthcare,3.0,Low,2.0,Cat_6,D
461864,Male,No,19,Yes,Marketing,0.0,Low,6.0,Cat_4,D
